url,html
https://careers.northwestern.edu/psc/hr857prd_er/EMPLOYEE/HRMS/c/HRS_HRAM_FL.HRS_CG_SEARCH_FL.GBL?Page=HRS_APP_JBPST_FL&Action=U&FOCUS=Applicant&SiteId=1&JobOpeningId=50289&PostingSeq=1,"<html class=""pc chrome mac psc_dir-ltr psc_form-large"" dir=""ltr"" lang=""en""><!-- Copyright (c) 2000, 2022, Oracle and/or its affiliates.  --><head>
<meta name=""apple-mobile-web-app-capable"" content=""yes"">
<meta http-equiv=""Content-Type"" content=""text/html; charset=UTF-8"">
<meta name=""viewport"" content=""width=device-width,user-scalable=yes,initial-scale=1.0,minimum-scale=1.0"">
<script language=""JavaScript"">
var  totalTimeoutMilliseconds = 2073600000; 
var  warningTimeoutMilliseconds = 2073600000; 
var timeOutURL = 'https://careers.northwestern.edu/psc/hr857prd_er/EMPLOYEE/HRMS/?cmd=expire';
var timeoutWarningPageURL = 'https://careers.northwestern.edu/psc/hr857prd_er/EMPLOYEE/HRMS/s/WEBLIB_TIMEOUT.PT_TIMEOUTWARNING.FieldFormula.IScript_TIMEOUTWARNING';
var sRCRequestURL = 'https://careers.northwestern.edu/psc/hr857prd_er/EMPLOYEE/HRMS/s/WEBLIB_PTRC.ISCRIPT1.FieldFormula.IScript_RC_REQUEST';
</script> 

<link rel=""apple-touch-icon"" href=""https://careers.northwestern.edu/cs/hr857prd_er/cache3/LOGO_FAVICON_1.JPG"">
<link rel=""icon"" href=""https://careers.northwestern.edu/cs/hr857prd_er/cache3/LOGO_FAVICON_1.JPG"">
<link rel=""stylesheet"" type=""text/css"" href=""https://careers.northwestern.edu/cs/hr857prd_er/cache3/PSSTYLEDEF_FMODE_1.css"">
<link rel=""stylesheet"" type=""text/css"" href=""https://careers.northwestern.edu/cs/hr857prd_er/cache3/NW_PSSTYLEDEF_FMODE_1.css"">
<link rel=""stylesheet"" type=""text/css"" href=""https://careers.northwestern.edu/cs/hr857prd_er/cache3/HRS_CG_SS_1.css"">
<link rel=""stylesheet"" type=""text/css"" href=""https://careers.northwestern.edu/cs/hr857prd_er/cache3/HRS_CG_SEARCH_SS_1.css"">
<link rel=""stylesheet"" type=""text/css"" href=""https://careers.northwestern.edu/cs/hr857prd_er/cache3/PTS_INTELLISCHCSS_1.css"">
<link rel=""stylesheet"" type=""text/css"" href=""https://careers.northwestern.edu/cs/hr857prd_er/cache3/NW_FMODE_1.css"" ptbranding=""true"">
<title>Careers</title>
<script language=""JavaScript"">
try {
document.domain = ""northwestern.edu"";
}
catch(err) {;}
</script>
<script language=""JavaScript"">
var winName='win0';
var winParent = null;
var modalID = null;
var modalZoomName = null;
var baseKey_win0 = ""\x1b\r\n"";
var altKey_win0 = ""0J5678\xbc\xbe\xbf\xde"";
var ctrlKey_win0 = ""JK"";
var saveWarningKeys_win0 = """";
var firstFocusID = null;
var bPTDrag = false;
var sMDWrapperStyle='', sMDSide1Style='', sMDSide2Style='', sMDHeaderStyle='', sMDFooterStyle='', sPageFFStyle='';
var refererURL = 'https://careers.northwestern.edu/psc/hr857prd_er/EMPLOYEE/HRMS/c/HRS_HRAM_FL.HRS_CG_SEARCH_FL.GBL?Page=HRS_APP_JBPST_FL&Action=U&FOCUS=Applicant&SiteId=1&JobOpeningId=50289&PostingSeq=1&';
var isNewSaveWarn = true;
var bAccessibility_win0 =false;
var bFMode =true;
var bDoModal_win0 = false;
var bJSModal_win0 = false;
var bPromptPage_win0 = false;
var bTabOverTB_win0 = false;
var bTabOverPg_win0 = false;
var bTabOverNonPS_win0 = false;
var strCurrUrl='https://careers.northwestern.edu/psc/hr857prd_er/EMPLOYEE/HRMS/c/HRS_HRAM_FL.HRS_CG_SEARCH_FL.GBL?Page=HRS_APP_JBPST_FL&Action=U&FOCUS=Applicant&SiteId=1&JobOpeningId=50289&PostingSeq=1&&PAGE=HRS_APP_JBPST_FL';
var strReqURL='';
var bIncInNavigation='T';
var szPinCrefID='HC_HRS_CG_SEARCH_FL_GBL2';
var szPinCrefReg='T';
var szPinCrefLabel='Careers';
var szCrefID='HC_HRS_CG_SEARCH_FL_GBL2';
var szCrefReged='T';
var szCrefVisible='T';
var szCrefLabel='Careers';
var szCrefQS='FOCUS=Applicant';
var szCrefUsageType='TARG';
var localNodes = ['ERP', 'HRMS', 'PSFT_HR'];
var remoteUrls = [];
bGenDomInfo = false;
var szCalendarType = 'G';
var bMenuSrchPage = false;
var bGuidedAG = false;
var bWSRP=0;var szMenuSrchText = ""-999999-"";
var disablePNSubscriptions=0;var modalBackUrl = 'https://careers.northwestern.edu/cs/hr857prd_er/cache3/PT_NUI_BACK_SMALL_IMG_1.svg';
var modalBackAlt = 'Back';
var sPopupTitle = 'Popup window';
var modalCloseUrl = 'https://careers.northwestern.edu/cs/hr857prd_er/cache3/PT_MODAL_CLOSE_NUI_1.svg';
var modalCloseAlt = 'Close';
var modalResizeUrl= 'https://careers.northwestern.edu/cs/hr857prd_er/cache3/PT_RESIZE_IMG_1.svg';
var modalResizeAlt = 'Drag to resize';
var modalMoveAlt = 'Drag to move';
</script>
<script language=""JavaScript"">
bPTActEnterKey = true;
</script>
<script language=""JavaScript"">
var scrollFieldListOld = [['win0hdrdivPT_ACTION_MENUgrp',1, 0, 0, 0,0, 1,0,0, 1],['win0hdrdivPT_CONTEXT_MENUgrp',1, 0, 0, 0,0, 1,0,0, 1]];var scrollFieldList = [['win0hdrdivPT_ACTION_MENUgrp',1, 0, 0, 0,0, 1,0,0, 1],['win0hdrdivPT_CONTEXT_MENUgrp',1, 0, 0, 0,0, 1,0,0, 1]];
</script>
<script language=""JavaScript"">
var agGroupletList = [];var groupletList = [];groupletList = [['win0divPTLAYOUT_PT_MENU_PRESENT','15','','','0','bGrouplet@1;','','0','','','','0','']];
</script>
<script language=""JavaScript"">
try {
document.domain = ""northwestern.edu"";
}
catch(err) {;}
</script>
<script language=""JavaScript"" type=""text/javascript"" src=""https://careers.northwestern.edu/cs/hr857prd_er/cache3/PT_COMMON_FMODE_MIN_1.js"">
</script>
<script language=""JavaScript"" type=""text/javascript"" src=""https://careers.northwestern.edu/cs/hr857prd_er/cache3/PT_AJAX_NET_MIN_1.js"">
</script>
<script language=""JavaScript"" type=""text/javascript"" src=""https://careers.northwestern.edu/cs/hr857prd_er/cache3/PT_SAVEWARNINGSCRIPT_MIN_1.js"">
</script>
<script language=""JavaScript"" type=""text/javascript"" src=""https://careers.northwestern.edu/cs/hr857prd_er/cache3/PT_PAGESCRIPT_win0_MIN_1.js"">
</script>
<script language=""JavaScript"" type=""text/javascript"" src=""https://careers.northwestern.edu/cs/hr857prd_er/cache3/PT_EDITSCRIPT_win0_MIN_1.js"">
</script>
<script language=""JavaScript"" type=""text/javascript"" src=""https://careers.northwestern.edu/cs/hr857prd_er/cache3/PT_PAGESCRIPT_FMODE_MIN_1.js"">
</script>
<script language=""JavaScript"">
DoUrlNUI();
var nResubmit=0;
var nLastAction=0;
var loader=null;
if (typeof(bCleanHtml) == 'undefined')
	var bCleanHtml = false;
setupTimeout2();
var postUrl_win0='https://careers.northwestern.edu/psc/hr857prd_er/EMPLOYEE/HRMS/c/HRS_HRAM_FL.HRS_CG_SEARCH_FL.GBL';
function aAction_win0(form, id, params, bAjax, bPrompt, sAjaxTrfUrl, bWarning, sScriptAfter, nTrfURLType)
{
setupTimeout2();
if ((id != '#ICSave'))
processing_win0(1,3000);
aAction0_win0(form, id, params, bAjax, bPrompt, sAjaxTrfUrl, bWarning, sScriptAfter, nTrfURLType);
}
function submitAction_win0(form, id, event, sAjaxTrfUrl, bWarning, sScriptAfter, nTrfURLType)
{
setupTimeout2();
if (!ptCommonObj2.isICQryDownload(form, id))
 { processing_win0(1,3000); }
preSubmitProcess_win0(form, id);
var spellcheckpos = id.indexOf('$spellcheck');
if ((spellcheckpos != -1) && (id.indexOf('#KEYA5') != -1))
	form.ICAction.value = id.substring(0,spellcheckpos);
else 
	form.ICAction.value=id;
var actionName = form.ICAction.value;
form.ICXPos.value=ptCommonObj2.getScrollX();
form.ICYPos.value=ptCommonObj2.getScrollY();
bcUpdater.storeBcDomData();
if ((typeof(bAutoSave) != 'undefined') && bAutoSave)
	form.ICAutoSave.value = '1';
if (!ptCommonObj2.isAJAXReq(form, id) && !ptCommonObj2.isPromptReq(id)){
if (nLastAction == 1 && nResubmit > 0) return;
form.ICResubmit.value=nResubmit;
form.submit();
if (!ptCommonObj2.isICQryDownload(form, id))
	nResubmit++;
}
else if (ptCommonObj2.isPromptReq(id))
	pAction_win0(form, id, arguments[2]);
else
	aAction_win0(form, actionName, null, true, false, sAjaxTrfUrl, bWarning, sScriptAfter, nTrfURLType);
cancelBubble(event);
}
</script>
<script language=""JavaScript"" type=""text/javascript"" src=""https://careers.northwestern.edu/cs/hr857prd_er/cache3/PTMAF_PUSH_JS_MIN_1.js"">
</script>
<script language=""JavaScript"" type=""text/javascript"" src=""https://careers.northwestern.edu/cs/hr857prd_er/cache3/PTS_INTELLISEARCH_JS_win0_MIN_1.js"">
</script>
<script language=""javascript"">
var pt_calHeadstyle="" class='PTCALHEAD' ""
var pt_calWeekHeadstyle="" class='PTCALWEEKHEAD' ""
function dateitemrefs()
{
this.pt_dateheader = ""https://careers.northwestern.edu/cs/hr857prd_er/cache3/PT_PORTAL_IC_CLOSE_SD_CSS_1.gif"";
this.pt_datering = ""https://careers.northwestern.edu/cs/hr857prd_er/cache3/PT_CURRENT_DATE_SD_CSS_1.gif"";
this.pt_datesel = ""https://careers.northwestern.edu/cs/hr857prd_er/cache3/PT_SELECTED_DATE_SD_CSS_1.gif"";
this.pt_nextmonth = ""https://careers.northwestern.edu/cs/hr857prd_er/cache3/PT_RIGHT_SCROLL_SD_CSS_1.gif"";
this.pt_prevmonth= ""https://careers.northwestern.edu/cs/hr857prd_er/cache3/PT_LEFT_SCROLL_SD_CSS_1.gif"";
this.pt_daystitle_hijri = ""https://careers.northwestern.edu/cs/hr857prd_er/cache3/PT_DATE_TITLE_S6_1.GIF"";
this.pt_daystitle_thai = ""https://careers.northwestern.edu/cs/hr857prd_er/cache3/PT_DATE_TITLE_S0_1.GIF"";
this.pt_daystitle_s0 = ""https://careers.northwestern.edu/cs/hr857prd_er/cache3/PT_DATE_TITLE_S0_1.GIF"";
this.pt_daystitle_m1 = ""https://careers.northwestern.edu/cs/hr857prd_er/cache3/PT_DATE_TITLE_M1_1.GIF"";
this.pt_daystitle_t2 = ""https://careers.northwestern.edu/cs/hr857prd_er/cache3/PT_DATE_TITLE_T2_1.GIF"";
this.pt_daystitle_w3 = ""https://careers.northwestern.edu/cs/hr857prd_er/cache3/PT_DATE_TITLE_W3_1.GIF"";
this.pt_daystitle_t4 = ""https://careers.northwestern.edu/cs/hr857prd_er/cache3/PT_DATE_TITLE_T4_1.GIF"";
this.pt_daystitle_f5 = ""https://careers.northwestern.edu/cs/hr857prd_er/cache3/PT_DATE_TITLE_F5_1.gif"";
this.pt_daystitle_s6 = ""https://careers.northwestern.edu/cs/hr857prd_er/cache3/PT_DATE_TITLE_S6_1.GIF"";
}
 
function LoadCalendar()
{
var dateitems = new dateitemrefs();
loadImages(dateitems);
}
function DatePrompt0_win0(dtfield,promptfield,yrfmt,bsubmit)
{
setupTimeout2();
openDate_win0(dtfield, promptfield, ""MDY/""+yrfmt,bsubmit,""G"",0);
}
</script>
<script language=""JavaScript"" ptdefer=""defer"">
var bInModal = false;
function onLoadExt_win0() {
modalZoomName = null;
var oWin=window;
var oDoc=document;
ptTAObj_win0.init(oWin,oDoc,oDoc.win0,'https://careers.northwestern.edu/cs/hr857prd_er/cache3/PT_SRT2UP_SEL_1.gif','https://careers.northwestern.edu/cs/hr857prd_er/cache3/PT_SRT2DN_SEL_1.gif','https://careers.northwestern.edu/cs/hr857prd_er/cache3/PT_PORTAL_IC_CLOSE_1.gif',500);
initWorkers('https://careers.northwestern.edu/cs/hr857prd_er/cache3/PT_WORKER_MIN_1.js',5);

 g_bAccessibilityMode=false;
var actn='';
setKeyEventHandler_win0();setMouseEventHandler();
ptEvent.add(window,'scroll',positionWAIT_win0);
if (typeof(ptLongEditCounter) != 'undefined' && ptLongEditCounter != null)
   ptLongEditCounter.onLoadLongEditCounter();
objToBeFocus = null;
if (bPTDrag) CancelDragAccessible();
 bPTDrag = false;
if (typeof oWin == 'undefined') setEventHandlers_win0('ICFirstAnchor_win0', 'ICLastAnchor_win0', false);
 else
 oWin.setEventHandlers_win0('ICFirstAnchor_win0', 'ICLastAnchor_win0', false);
try{
ptsSearchUIObj.initSearch(""{\""page\"":\""HRS_APP_JBPST_FL\"",\""placeholder\"":\""\"",\""searchcategory\"":\""\"",\""scLabel\"":\""\"",\""includeHiddenCref\"":false,\""includeOnlyCompOrGeneric\"":false,\""showGridIcons\"":true,\""showCategoryDropDown\"":true,\""showGlobalSearchButton\"":true,\""componentSearchURL\"":\""\"",\""hideSearch\"":true,\""openSearchInModal\"":false,\""isInitialLoad\"":false,\""showCompletePath\"":false,\""keywordLabel\"":\""\"",\""srchWidgetId\"":\""win0hdrdivPTS_SEARCHWIDGET\"",\""isAccessibilityMode\"":false}"")
portalContextNodeURI = 'https://careers.northwestern.edu/psc/hr857prd_er/EMPLOYEE/HRMS';
SearchPageClose();
var RichTextValue = PTRTEFillcache('/psc/hr857prd_er_newwin/EMPLOYEE/HRMS/c/HRS_HRAM_FL.HRS_CG_SEARCH_FL.GBL','PT_RTE_IMG_DB_LOC','record://PTRTDB','HRS_SCH_PSTDSC_DESCRLONG$0','1');
var TextAreaObject = document.getElementById('HRS_SCH_PSTDSC_DESCRLONG$0');
if (typeof(TextAreaObject) != 'undefined' && TextAreaObject != null) TextAreaObject.innerHTML = RichTextValue;

}catch(e) { if(typeof String !== 'undefined') alert('custom javascript error ' + e.message); }
if (top.window.isFModeLayout() && (typeof top.window.initHelp == 'function')) top.window.initHelp();
postUrl_win0='https://careers.northwestern.edu/psc/hr857prd_er/EMPLOYEE/HRMS/c/HRS_HRAM_FL.HRS_CG_SEARCH_FL.GBL';
if (typeof(initScrolls0) != 'undefined' && initScrolls0 != null) initScrolls0(false);
setFocus_win0('HRS_SCH_WRK_HRS_SCH_TEXT100',-1);
loadGrouplets('https://careers.northwestern.edu/cs/hr857prd_er/cache3/PT_WORKER_MIN_1.js',5);
ptLoadingStatus_empty(0);
setupTimeout2();
processing_win0(0,3000);
ptConsole2.enable();
}
try{ptEvent.load(onLoadExt_win0);}catch(e){}
</script></head>
<body tabindex=""-1"">
<div id=""pt_envinfo"" devicetype=""pc"" browser=""CHROME/120.0/MAC""></div>
<form id=""HRS_CG_SEARCH_FL"" name=""win0"" method=""post"" action=""https://careers.northwestern.edu/psc/hr857prd_er/EMPLOYEE/HRMS/c/HRS_HRAM_FL.HRS_CG_SEARCH_FL.GBL"" autocomplete=""off"" class=""PSForm"">
<div class=""ps_box-toolshiddens"" id=""win0divPSTOOLSHIDDENS""><div class=""ps_modalmask_cover psc_hidden"" id=""pt_modalMaskCover"">&nbsp;</div><div class=""ps_modalmask psc_hidden"" id=""pt_modalMask"">&nbsp;</div><div id=""pt_modals"" class=""ps_modal_controller""><div id=""ptModalShadow"" class=""popupDragFrame"" style=""cursor:nw-resize"">&nbsp;</div></div>
<div class=""ps_ajax_console psc_hidden"" id=""pt_console""><input type=""button"" id=""COPYCONSOLE"" value=""Copy"" onclick=""ptConsole2.copy();"" alt=""copy to clipboard"" title=""copy to clipboard""><input type=""button"" id=""CLEARCONSOLE"" onclick=""ptConsole2.clear();"" value=""Clear"" alt=""clear console"" title=""clear console""><input type=""button"" id=""HIDECONSOLE"" onclick=""ptConsole2.hide();"" value=""Hide"" alt=""hide console"" title=""hide console""><input type=""button"" id=""CLOSECONSOLE"" onclick=""ptConsole2.deactive();"" value=""Close"" alt=""close console"" title=""close console""></div><div class=""ps_box-group psc_layout psc_skipnav_container"" id=""PT_SKIPNAV_CONT"">
<div class=""ps_box-link psc_skipnav""><span class=""ps-link-wrapper""><a class=""ps-link"" id=""PT_SKIPNAV"" onclick=""javascript:cancelBubble(event);"" href=""javascript:SetMainContentFocus();"" onblur=""javascript:SetMainContentFocus(false);"">Skip to Main Content</a></span></div>
</div>
<div class=""ps_typeahead psc_hidden"" id=""pt_typeahead0"" style=""display: none;""><div id=""pt_typeahead"" class=""ps_box-typeahead"">&nbsp;</div></div><div class=""ps_box-announce ps_alert-normal"" aria-live=""polite"" id=""pt_liveregion""></div>
<div id=""pt_dnd_win0"" class=""psc_hidden"">Press Control+M to start dragging object</div>
<div class=""psc_processing psc_hidden"" id=""WAIT_win0"" style=""visibility: hidden; display: none;""><img id=""processing"" src=""https://careers.northwestern.edu/cs/hr857prd_er/cache3/PT_PROCESSING_FMODE_1.gif"" alt=""Processing... please wait"" title=""Processing... please wait""></div>
 <div style=""visibility:hidden; display:none; position:absolute;left:auto;top:-10000px; width:1px; height:1px;overflow:hidden;"" aria-relevant=""text additions"" aria-live=""assertive"" aria-atomic=""true"" class=""psc_processing psc_hidden"" id=""Delayed_win0"">&nbsp;</div><div class=""psc_saved psc_hidden"" id=""SAVED_win0"" style=""visibility: hidden; display: none;""><div><div id=""saveWait_win0""><img src=""https://careers.northwestern.edu/cs/hr857prd_er/cache3/PT_LOADER_1.gif"" width=""24"" height=""24"" alt=""""></div><div class=""ps_saved_text""><span id=""ptStatusText_win0"">&nbsp;</span></div></div></div><div class=""x"" id=""win0divPSHIDDENFIELDS"" style=""display:none""><input type=""hidden"" name=""ICType"" id=""ICType"" value=""Panel"">
<input type=""hidden"" name=""ICElementNum"" id=""ICElementNum"" value=""0"">
<input type=""hidden"" name=""ICStateNum"" id=""ICStateNum"" value=""2"">
<input type=""hidden"" name=""ICAction"" id=""ICAction"" value=""None"">
<input type=""hidden"" name=""ICModelCancel"" id=""ICModelCancel"" value=""0"">
<input type=""hidden"" name=""ICXPos"" id=""ICXPos"" value=""0"">
<input type=""hidden"" name=""ICYPos"" id=""ICYPos"" value=""0"">
<input type=""hidden"" name=""ResponsetoDiffFrame"" id=""ResponsetoDiffFrame"" value=""-1"">
<input type=""hidden"" name=""TargetFrameName"" id=""TargetFrameName"" value=""None"">
<input type=""hidden"" name=""FacetPath"" id=""FacetPath"" value=""None"">
<input type=""hidden"" name=""ICFocus"" id=""ICFocus"" value="""">
<input type=""hidden"" name=""ICSaveWarningFilter"" id=""ICSaveWarningFilter"" value=""0"">
<input type=""hidden"" name=""ICChanged"" id=""ICChanged"" value=""0"">
<input type=""hidden"" name=""ICSkipPending"" id=""ICSkipPending"" value=""0"">
<input type=""hidden"" name=""ICAutoSave"" id=""ICAutoSave"" value=""0"">
<input type=""hidden"" name=""ICResubmit"" id=""ICResubmit"" value=""0"">
<input type=""hidden"" name=""ICSID"" id=""ICSID"" value=""Yqvznapy7bC86WY1dgCsnt9zYnecrjzC9XtoLQe+4u0="">
<input type=""hidden"" name=""ICActionPrompt"" id=""ICActionPrompt"" value=""false"">
<input type=""hidden"" name=""ICTypeAheadID"" id=""ICTypeAheadID"" value="""">
<input type=""hidden"" name=""ICBcDomData"" id=""ICBcDomData"" value="""">
<input type=""hidden"" name=""ICDNDSrc"" id=""ICDNDSrc"" value="""">
<input type=""hidden"" name=""ICPanelHelpUrl"" id=""ICPanelHelpUrl"" value="""">
<input type=""hidden"" name=""ICPanelName"" id=""ICPanelName"" value="""">
<input type=""hidden"" name=""ICPanelControlStyle"" id=""ICPanelControlStyle"" value="""">
<input type=""hidden"" name=""ICFind"" id=""ICFind"" value="""">
<input type=""hidden"" name=""ICAddCount"" id=""ICAddCount"" value="""">
<input type=""hidden"" name=""ICAppClsData"" id=""ICAppClsData"" value="""">
</div>
</div>
<a class=""ps-anchor"" id=""ICFirstAnchor_win0""></a>
<div id=""PT_WRAPPER"" class=""ps_wrapper"">
<div class=""ps_header"" id=""PT_HEADER"">
<div class=""ps_header_panel"" id=""PT_HEADER_PANEL"">
<div class=""ps_pspagecontainer_hdr"" id=""win0divPSPAGECONTAINER_HDR"">
<div class=""ps_box-group psc_layout ps_header_bar-container"" id=""win0hdrdivPTLAYOUT_HEADER_GROUPBOX0""><div class="" psc_force-hidden"" id=""win0hdrdivICSCRIPTSID""><div class=""ps_box-label"" id=""win0hdrdivICSCRIPTSIDlbl""><span class=""ps-label"">&nbsp;</span></div><span class=""ps_box-value"" id=""ICSCRIPTSID"">ptnbsid=jIEJ5j%2bI4Hv%2bYaEWBgOCTZaO9hE%3d</span>
</div><div role=""banner"" class="" ps_header_bar"" id=""win0hdrdivPTLAYOUT_HEADER_GROUPBOX1""><div class="" ps_header_bar_cont"" id=""win0hdrdivHEADER_BAR_CONT""><div class="" ps_back_cont"" id=""win0hdrdivPT_NAV_CONT""><div class="" ps_system_cont"" id=""win0hdrdivPTLAYOUT_HEADER_GROUPBOX4""><div class=""ps_box-button psc_toolaction-back psc_header-all   psc_image_only ps_header_button"" id=""win0hdrdivPT_WORK_PT_BUTTON_BACK"" style=""visibility: hidden;""><span class=""ps-button-wrapper"" title=""Back""><a id=""PT_WORK_PT_BUTTON_BACK"" class=""ps-button"" role=""button"" href=""javascript:DoBack('win0')"" onclick=""javascript:cancelBubble(event);""><img src=""https://careers.northwestern.edu/cs/hr857prd_er/cache3/PT_NUI_BACK_PRIM_IMG_1.svg"" id=""PT_WORK_PT_BUTTON_BACK$IMG"" class=""ps-img"" alt=""""><span class=""ps-text"">Back</span></a></span></div><div class=""ps_box-group psc_layout"" id=""win0hdrdiv$ICField69""></div></div><div class="" ps_custom_cont ps_target-custleft"" id=""win0hdrdivPT_CUSTOM_LEFT""></div></div><div class="" ps_pagetitle_cont"" id=""win0hdrdivPT_TITLE_CONT""><div class="" ps_system_cont  ps_target-title  psc_force-hidden"" id=""win0hdrdivPT_PAGETITLE""><h1 id=""PT_PAGETITLE"" class=""ps_pagetitle""><span class=""ps-text"" id=""PT_PAGETITLElbl""> </span></h1></div><div class="" ps_custom_cont ps_target-custmiddle"" id=""win0hdrdivPT_CUSTOM_MIDDLE""><div class=""ps_box-htmlarea"" id=""win0hdrdivDERIVED_EP_HTMLAREA""><div class=""ps-htmlarea"">
<!-- Begin HTML Area Name Undisclosed -->
<img src=""/cs/hr857prd_er/cache3/NW_LOGO_WHITE_1.SVG"">
<!-- End HTML Area -->
</div>
</div></div><div class="" ps_headersearch_cont psc_search-subdued"" id=""win0hdrdivPT_HDR_SEARCH_CONT""><div class=""ps_box-group psc_layout pts_search_widget pts_search_widget_hide"" id=""win0hdrdivPTS_SEARCHWIDGET""><div class=""ps_box-group psc_layout pts_search_mask psc_hidden"" id=""win0hdrdivPTS_MASK""></div><div id=""win0hdrdivPORTALOBJ"" class="" psc_hidden""><div id=""win0hdrdivPORTALOBJlbl"" class=""ps_box-label""><label for=""PORTALOBJ"" id=""PORTALOBJ_LBL"" class=""ps-label"">&nbsp;</label></div><div id=""win0hdrdivPORTALOBJctrl"" class=""ps_box-control""><input type=""text"" id=""PORTALOBJ"" class=""ps-edit"" value="""" maxlength=""30"" onclick=""javascript:cancelBubble(event);"">
</div></div><div class=""ps_box-group psc_layout pts_search_content psc_hidden"" id=""win0hdrdivPTSCONTENTBOX""><div class=""ps_box-group psc_layout pts_search_controls"" id=""win0hdrdivPTS_SEARCHEDIT""><div class="" pts_back_button"" id=""win0hdrdivPTSBACKBTN""><span class=""ps-button-wrapper"" title=""Back""><a id=""PTSBACKBTN"" class=""ps-button"" role=""button"" href=""javascript:void(0);'"" onclick=""javascript:ptsSearchUIObj.ptsCloseAllLists()""><img src=""https://careers.northwestern.edu/cs/hr857prd_er/cache3/PTS_INTSRCH6_ICN_1.svg"" id=""PTSBACKBTN$IMG"" class=""ps-img"" alt=""Back""></a></span></div><div class="" pts_category_button"" id=""win0hdrdivPTSCATEGORYBTN""><span id=""PTSCATEGORYBTN$span"" class=""ps-button-wrapper""><a id=""PTSCATEGORYBTN"" class=""ps-button"" role=""button"" aria-haspopup=""true"" ptlinktgt=""pt_peoplecode"" onclick=""javascript:cancelBubble(event);"" href=""javascript:submitAction_win0(document.win0,'PTSCATEGORYBTN');"">Search Category Name</a></span></div><div id=""win0hdrdivPTSKEYWORD"" class=""ps_box-edit pts_editbox psc_label-hidereadable""><div id=""win0hdrdivPTSKEYWORDlbl"" class=""ps_box-label""><label for=""PTSKEYWORD"" id=""PTSKEYWORD_LBL"" class=""ps-label"">Search keywords</label></div><div id=""win0hdrdivPTSKEYWORDctrl"" class=""ps_box-control""><input type=""search"" id=""PTSKEYWORD"" class=""ps-edit"" value="""" onclick=""javascript:cancelBubble(event);"">
</div></div><div class="" pts_search_button"" id=""win0hdrdivPTSSEARCHBTN""><span class=""ps-button-wrapper"" title=""Search""><a id=""PTSSEARCHBTN"" class=""ps-button"" role=""button"" href=""javascript:void(0);"" onclick=""javascript:ptsSearchUIObj.ptsDoGlobalSearch(this)""><img src=""https://careers.northwestern.edu/cs/hr857prd_er/cache3/PTS_INTSRCH3_ICN_1.svg"" id=""PTSSEARCHBTN$IMG"" class=""ps-img"" alt=""Search""></a></span></div></div><div class=""ps_box-group psc_layout pts_category_dropdown psc_hidden ps_scrollable sbar sbar_v ps_scrollable_v"" id=""win0hdrdivPTSCATEGORIES""><div class=""ps_box-group psc_layout psc_width-100pct"" id=""win0hdrdiv$ICField1""><div class=""ps_box-group psc_width-100pct pts_category_header1"" id=""win0hdrdivPTSCATEGORYHDR""><h2 class=""ps_header-group""><span class=""ps-text"" id=""PTSCATEGORYHDRlbl"">Search in...</span></h2>
<div class=""ps_content-group"" id=""win0hdrdivPTSCATEGORYHDRgrp"">
<div role=""presentation"" class=""ps_box-grid-menu"" id=""win0hdrdivPTS_INTSCHM_DVW$0""><div role=""presentation"" class=""ps_box-gridc"" id=""win0hdrdivPTS_INTSCHM_DVWgridc$0""><div role=""presentation"" class=""ps_box-gridc-right"" id=""win0hdrdivPTS_INTSCHM_DVWgridc-right$0""><div role=""presentation"" class=""ps_box-grid"" id=""win0hdrdivPTS_INTSCHM_DVW$grid$0""><div class=""ps_grid-menu"" role=""presentation""><ul class=""ps_grid-body ps_box-menucontainer ps_menucontainer pt_keynav-list"" role=""menu""><li class=""ps_grid-row ps_box-menuitem"" id=""PTS_INTSCHM_DVW$0_row_0"" role=""presentation"">
<div role=""presentation"" class=""ps_box-link"" id=""win0hdrdivPTSMENU$0""><span id=""PTSMENU$span$0"" class=""ps-link-wrapper"" role=""presentation""><a id=""PTSMENU$0"" class=""ps-link"" ptlinktgt=""pt_peoplecode"" tabindex=""-1"" role=""menuitem"" onclick=""javascript:cancelBubble(event);"" href=""javascript:submitAction_win0(document.win0,'PTSMENU$0');"">Search Category Name</a></span></div></li></ul></div>
</div></div></div></div></div></div></div></div><div class=""ps_box-group psc_layout pts_search_tray psc_hidden ps_scrollable sbar sbar_v ps_scrollable_v"" id=""win0hdrdivPTSSEARCHTRAY""><div class=""ps_box-group psc_layout psc_padding-left5px pts_message psc_hidden"" id=""win0hdrdivPTSDISPLAYMSG""><div class=""ps_box-text"" id=""win0hdrdiv$ICField45""><span class=""ps-text"">No results to display</span>
</div></div><div class=""ps_box-group psc_layout pts_results_grid"" id=""win0hdrdivPTSRESULTS""><div role=""presentation"" class=""ps_box-grid-menu psc_width-100pct psc_grid-norowcount"" id=""win0hdrdivPTS_INTELLISRCH_RS$0""><div role=""presentation"" class=""ps_box-gridc"" id=""win0hdrdivPTS_INTELLISRCH_RSgridc$0""><div role=""presentation"" class=""ps_box-gridc-right"" id=""win0hdrdivPTS_INTELLISRCH_RSgridc-right$0""><div role=""presentation"" class=""ps_box-grid"" id=""win0hdrdivPTS_INTELLISRCH_RS$grid$0""><div class=""ps_grid-menu"" role=""presentation""><ul class=""ps_grid-body ps_box-menucontainer ps_menucontainer pt_keynav-list"" role=""menu""><li class=""ps_grid-row ps_box-menuitem"" id=""PTS_INTELLISRCH_RS$0_row_0"" role=""presentation"">
<div role=""presentation"" class=""ps_box-link pts_result_link"" id=""win0hdrdivPTSTITLE$0""><span id=""PTSTITLE$span$0"" class=""ps-link-wrapper"" role=""presentation""><a id=""PTSTITLE$0"" class=""ps-link"" ptlinktgt=""pt_peoplecode"" tabindex=""-1"" role=""menuitem"" onclick=""javascript:cancelBubble(event);"" href=""javascript:submitAction_win0(document.win0,'PTSTITLE$0');"">Title</a></span></div></li><li class=""ps_grid-row ps_box-menuitem"" id=""PTS_INTELLISRCH_RS$0_row_1"" role=""presentation"">
<div role=""presentation"" class=""ps_box-link pts_result_link"" id=""win0hdrdivPTSTITLE$1""><span id=""PTSTITLE$span$1"" class=""ps-link-wrapper"" role=""presentation""><a id=""PTSTITLE$1"" class=""ps-link"" ptlinktgt=""pt_peoplecode"" tabindex=""-1"" role=""menuitem"" onclick=""javascript:cancelBubble(event);"" href=""javascript:submitAction_win0(document.win0,'PTSTITLE$1');"">Title</a></span></div></li><li class=""ps_grid-row ps_box-menuitem"" id=""PTS_INTELLISRCH_RS$0_row_2"" role=""presentation"">
<div role=""presentation"" class=""ps_box-link pts_result_link"" id=""win0hdrdivPTSTITLE$2""><span id=""PTSTITLE$span$2"" class=""ps-link-wrapper"" role=""presentation""><a id=""PTSTITLE$2"" class=""ps-link"" ptlinktgt=""pt_peoplecode"" tabindex=""-1"" role=""menuitem"" onclick=""javascript:cancelBubble(event);"" href=""javascript:submitAction_win0(document.win0,'PTSTITLE$2');"">Title</a></span></div></li><li class=""ps_grid-row ps_box-menuitem"" id=""PTS_INTELLISRCH_RS$0_row_3"" role=""presentation"">
<div role=""presentation"" class=""ps_box-link pts_result_link"" id=""win0hdrdivPTSTITLE$3""><span id=""PTSTITLE$span$3"" class=""ps-link-wrapper"" role=""presentation""><a id=""PTSTITLE$3"" class=""ps-link"" ptlinktgt=""pt_peoplecode"" tabindex=""-1"" role=""menuitem"" onclick=""javascript:cancelBubble(event);"" href=""javascript:submitAction_win0(document.win0,'PTSTITLE$3');"">Title</a></span></div></li><li class=""ps_grid-row ps_box-menuitem"" id=""PTS_INTELLISRCH_RS$0_row_4"" role=""presentation"">
<div role=""presentation"" class=""ps_box-link pts_result_link"" id=""win0hdrdivPTSTITLE$4""><span id=""PTSTITLE$span$4"" class=""ps-link-wrapper"" role=""presentation""><a id=""PTSTITLE$4"" class=""ps-link"" ptlinktgt=""pt_peoplecode"" tabindex=""-1"" role=""menuitem"" onclick=""javascript:cancelBubble(event);"" href=""javascript:submitAction_win0(document.win0,'PTSTITLE$4');"">Title</a></span></div></li><li class=""ps_grid-row ps_box-menuitem"" id=""PTS_INTELLISRCH_RS$0_row_5"" role=""presentation"">
<div role=""presentation"" class=""ps_box-link pts_result_link"" id=""win0hdrdivPTSTITLE$5""><span id=""PTSTITLE$span$5"" class=""ps-link-wrapper"" role=""presentation""><a id=""PTSTITLE$5"" class=""ps-link"" ptlinktgt=""pt_peoplecode"" tabindex=""-1"" role=""menuitem"" onclick=""javascript:cancelBubble(event);"" href=""javascript:submitAction_win0(document.win0,'PTSTITLE$5');"">Title</a></span></div></li><li class=""ps_grid-row ps_box-menuitem"" id=""PTS_INTELLISRCH_RS$0_row_6"" role=""presentation"">
<div role=""presentation"" class=""ps_box-link pts_result_link"" id=""win0hdrdivPTSTITLE$6""><span id=""PTSTITLE$span$6"" class=""ps-link-wrapper"" role=""presentation""><a id=""PTSTITLE$6"" class=""ps-link"" ptlinktgt=""pt_peoplecode"" tabindex=""-1"" role=""menuitem"" onclick=""javascript:cancelBubble(event);"" href=""javascript:submitAction_win0(document.win0,'PTSTITLE$6');"">Title</a></span></div></li><li class=""ps_grid-row ps_box-menuitem"" id=""PTS_INTELLISRCH_RS$0_row_7"" role=""presentation"">
<div role=""presentation"" class=""ps_box-link pts_result_link"" id=""win0hdrdivPTSTITLE$7""><span id=""PTSTITLE$span$7"" class=""ps-link-wrapper"" role=""presentation""><a id=""PTSTITLE$7"" class=""ps-link"" ptlinktgt=""pt_peoplecode"" tabindex=""-1"" role=""menuitem"" onclick=""javascript:cancelBubble(event);"" href=""javascript:submitAction_win0(document.win0,'PTSTITLE$7');"">Title</a></span></div></li><li class=""ps_grid-row ps_box-menuitem"" id=""PTS_INTELLISRCH_RS$0_row_8"" role=""presentation"">
<div role=""presentation"" class=""ps_box-link pts_result_link"" id=""win0hdrdivPTSTITLE$8""><span id=""PTSTITLE$span$8"" class=""ps-link-wrapper"" role=""presentation""><a id=""PTSTITLE$8"" class=""ps-link"" ptlinktgt=""pt_peoplecode"" tabindex=""-1"" role=""menuitem"" onclick=""javascript:cancelBubble(event);"" href=""javascript:submitAction_win0(document.win0,'PTSTITLE$8');"">Title</a></span></div></li><li class=""ps_grid-row ps_box-menuitem"" id=""PTS_INTELLISRCH_RS$0_row_9"" role=""presentation"">
<div role=""presentation"" class=""ps_box-link pts_result_link"" id=""win0hdrdivPTSTITLE$9""><span id=""PTSTITLE$span$9"" class=""ps-link-wrapper"" role=""presentation""><a id=""PTSTITLE$9"" class=""ps-link"" ptlinktgt=""pt_peoplecode"" tabindex=""-1"" role=""menuitem"" onclick=""javascript:cancelBubble(event);"" href=""javascript:submitAction_win0(document.win0,'PTSTITLE$9');"">Title</a></span></div></li><li class=""ps_grid-row ps_box-menuitem"" id=""PTS_INTELLISRCH_RS$0_row_10"" role=""presentation"">
<div role=""presentation"" class=""ps_box-link pts_result_link"" id=""win0hdrdivPTSTITLE$10""><span id=""PTSTITLE$span$10"" class=""ps-link-wrapper"" role=""presentation""><a id=""PTSTITLE$10"" class=""ps-link"" ptlinktgt=""pt_peoplecode"" tabindex=""-1"" role=""menuitem"" onclick=""javascript:cancelBubble(event);"" href=""javascript:submitAction_win0(document.win0,'PTSTITLE$10');"">Title</a></span></div></li><li class=""ps_grid-row ps_box-menuitem"" id=""PTS_INTELLISRCH_RS$0_row_11"" role=""presentation"">
<div role=""presentation"" class=""ps_box-link pts_result_link"" id=""win0hdrdivPTSTITLE$11""><span id=""PTSTITLE$span$11"" class=""ps-link-wrapper"" role=""presentation""><a id=""PTSTITLE$11"" class=""ps-link"" ptlinktgt=""pt_peoplecode"" tabindex=""-1"" role=""menuitem"" onclick=""javascript:cancelBubble(event);"" href=""javascript:submitAction_win0(document.win0,'PTSTITLE$11');"">Title</a></span></div></li><li class=""ps_grid-row ps_box-menuitem"" id=""PTS_INTELLISRCH_RS$0_row_12"" role=""presentation"">
<div role=""presentation"" class=""ps_box-link pts_result_link"" id=""win0hdrdivPTSTITLE$12""><span id=""PTSTITLE$span$12"" class=""ps-link-wrapper"" role=""presentation""><a id=""PTSTITLE$12"" class=""ps-link"" ptlinktgt=""pt_peoplecode"" tabindex=""-1"" role=""menuitem"" onclick=""javascript:cancelBubble(event);"" href=""javascript:submitAction_win0(document.win0,'PTSTITLE$12');"">Title</a></span></div></li><li class=""ps_grid-row ps_box-menuitem"" id=""PTS_INTELLISRCH_RS$0_row_13"" role=""presentation"">
<div role=""presentation"" class=""ps_box-link pts_result_link"" id=""win0hdrdivPTSTITLE$13""><span id=""PTSTITLE$span$13"" class=""ps-link-wrapper"" role=""presentation""><a id=""PTSTITLE$13"" class=""ps-link"" ptlinktgt=""pt_peoplecode"" tabindex=""-1"" role=""menuitem"" onclick=""javascript:cancelBubble(event);"" href=""javascript:submitAction_win0(document.win0,'PTSTITLE$13');"">Title</a></span></div></li><li class=""ps_grid-row ps_box-menuitem"" id=""PTS_INTELLISRCH_RS$0_row_14"" role=""presentation"">
<div role=""presentation"" class=""ps_box-link pts_result_link"" id=""win0hdrdivPTSTITLE$14""><span id=""PTSTITLE$span$14"" class=""ps-link-wrapper"" role=""presentation""><a id=""PTSTITLE$14"" class=""ps-link"" ptlinktgt=""pt_peoplecode"" tabindex=""-1"" role=""menuitem"" onclick=""javascript:cancelBubble(event);"" href=""javascript:submitAction_win0(document.win0,'PTSTITLE$14');"">Title</a></span></div></li><li class=""ps_grid-row ps_box-menuitem"" id=""PTS_INTELLISRCH_RS$0_row_15"" role=""presentation"">
<div role=""presentation"" class=""ps_box-link pts_result_link"" id=""win0hdrdivPTSTITLE$15""><span id=""PTSTITLE$span$15"" class=""ps-link-wrapper"" role=""presentation""><a id=""PTSTITLE$15"" class=""ps-link"" ptlinktgt=""pt_peoplecode"" tabindex=""-1"" role=""menuitem"" onclick=""javascript:cancelBubble(event);"" href=""javascript:submitAction_win0(document.win0,'PTSTITLE$15');"">Title</a></span></div></li><li class=""ps_grid-row ps_box-menuitem"" id=""PTS_INTELLISRCH_RS$0_row_16"" role=""presentation"">
<div role=""presentation"" class=""ps_box-link pts_result_link"" id=""win0hdrdivPTSTITLE$16""><span id=""PTSTITLE$span$16"" class=""ps-link-wrapper"" role=""presentation""><a id=""PTSTITLE$16"" class=""ps-link"" ptlinktgt=""pt_peoplecode"" tabindex=""-1"" role=""menuitem"" onclick=""javascript:cancelBubble(event);"" href=""javascript:submitAction_win0(document.win0,'PTSTITLE$16');"">Title</a></span></div></li><li class=""ps_grid-row ps_box-menuitem"" id=""PTS_INTELLISRCH_RS$0_row_17"" role=""presentation"">
<div role=""presentation"" class=""ps_box-link pts_result_link"" id=""win0hdrdivPTSTITLE$17""><span id=""PTSTITLE$span$17"" class=""ps-link-wrapper"" role=""presentation""><a id=""PTSTITLE$17"" class=""ps-link"" ptlinktgt=""pt_peoplecode"" tabindex=""-1"" role=""menuitem"" onclick=""javascript:cancelBubble(event);"" href=""javascript:submitAction_win0(document.win0,'PTSTITLE$17');"">Title</a></span></div></li><li class=""ps_grid-row ps_box-menuitem"" id=""PTS_INTELLISRCH_RS$0_row_18"" role=""presentation"">
<div role=""presentation"" class=""ps_box-link pts_result_link"" id=""win0hdrdivPTSTITLE$18""><span id=""PTSTITLE$span$18"" class=""ps-link-wrapper"" role=""presentation""><a id=""PTSTITLE$18"" class=""ps-link"" ptlinktgt=""pt_peoplecode"" tabindex=""-1"" role=""menuitem"" onclick=""javascript:cancelBubble(event);"" href=""javascript:submitAction_win0(document.win0,'PTSTITLE$18');"">Title</a></span></div></li><li class=""ps_grid-row ps_box-menuitem"" id=""PTS_INTELLISRCH_RS$0_row_19"" role=""presentation"">
<div role=""presentation"" class=""ps_box-link pts_result_link"" id=""win0hdrdivPTSTITLE$19""><span id=""PTSTITLE$span$19"" class=""ps-link-wrapper"" role=""presentation""><a id=""PTSTITLE$19"" class=""ps-link"" ptlinktgt=""pt_peoplecode"" tabindex=""-1"" role=""menuitem"" onclick=""javascript:cancelBubble(event);"" href=""javascript:submitAction_win0(document.win0,'PTSTITLE$19');"">Title</a></span></div></li><li class=""ps_grid-row ps_box-menuitem"" id=""PTS_INTELLISRCH_RS$0_row_20"" role=""presentation"">
<div role=""presentation"" class=""ps_box-link pts_result_link"" id=""win0hdrdivPTSTITLE$20""><span id=""PTSTITLE$span$20"" class=""ps-link-wrapper"" role=""presentation""><a id=""PTSTITLE$20"" class=""ps-link"" ptlinktgt=""pt_peoplecode"" tabindex=""-1"" role=""menuitem"" onclick=""javascript:cancelBubble(event);"" href=""javascript:submitAction_win0(document.win0,'PTSTITLE$20');"">Title</a></span></div></li><li class=""ps_grid-row ps_box-menuitem"" id=""PTS_INTELLISRCH_RS$0_row_21"" role=""presentation"">
<div role=""presentation"" class=""ps_box-link pts_result_link"" id=""win0hdrdivPTSTITLE$21""><span id=""PTSTITLE$span$21"" class=""ps-link-wrapper"" role=""presentation""><a id=""PTSTITLE$21"" class=""ps-link"" ptlinktgt=""pt_peoplecode"" tabindex=""-1"" role=""menuitem"" onclick=""javascript:cancelBubble(event);"" href=""javascript:submitAction_win0(document.win0,'PTSTITLE$21');"">Title</a></span></div></li><li class=""ps_grid-row ps_box-menuitem"" id=""PTS_INTELLISRCH_RS$0_row_22"" role=""presentation"">
<div role=""presentation"" class=""ps_box-link pts_result_link"" id=""win0hdrdivPTSTITLE$22""><span id=""PTSTITLE$span$22"" class=""ps-link-wrapper"" role=""presentation""><a id=""PTSTITLE$22"" class=""ps-link"" ptlinktgt=""pt_peoplecode"" tabindex=""-1"" role=""menuitem"" onclick=""javascript:cancelBubble(event);"" href=""javascript:submitAction_win0(document.win0,'PTSTITLE$22');"">Title</a></span></div></li><li class=""ps_grid-row ps_box-menuitem"" id=""PTS_INTELLISRCH_RS$0_row_23"" role=""presentation"">
<div role=""presentation"" class=""ps_box-link pts_result_link"" id=""win0hdrdivPTSTITLE$23""><span id=""PTSTITLE$span$23"" class=""ps-link-wrapper"" role=""presentation""><a id=""PTSTITLE$23"" class=""ps-link"" ptlinktgt=""pt_peoplecode"" tabindex=""-1"" role=""menuitem"" onclick=""javascript:cancelBubble(event);"" href=""javascript:submitAction_win0(document.win0,'PTSTITLE$23');"">Title</a></span></div></li><li class=""ps_grid-row ps_box-menuitem"" id=""PTS_INTELLISRCH_RS$0_row_24"" role=""presentation"">
<div role=""presentation"" class=""ps_box-link pts_result_link"" id=""win0hdrdivPTSTITLE$24""><span id=""PTSTITLE$span$24"" class=""ps-link-wrapper"" role=""presentation""><a id=""PTSTITLE$24"" class=""ps-link"" ptlinktgt=""pt_peoplecode"" tabindex=""-1"" role=""menuitem"" onclick=""javascript:cancelBubble(event);"" href=""javascript:submitAction_win0(document.win0,'PTSTITLE$24');"">Title</a></span></div></li><li class=""ps_grid-row ps_box-menuitem"" id=""PTS_INTELLISRCH_RS$0_row_25"" role=""presentation"">
<div role=""presentation"" class=""ps_box-link pts_result_link"" id=""win0hdrdivPTSTITLE$25""><span id=""PTSTITLE$span$25"" class=""ps-link-wrapper"" role=""presentation""><a id=""PTSTITLE$25"" class=""ps-link"" ptlinktgt=""pt_peoplecode"" tabindex=""-1"" role=""menuitem"" onclick=""javascript:cancelBubble(event);"" href=""javascript:submitAction_win0(document.win0,'PTSTITLE$25');"">Title</a></span></div></li><li class=""ps_grid-row ps_box-menuitem"" id=""PTS_INTELLISRCH_RS$0_row_26"" role=""presentation"">
<div role=""presentation"" class=""ps_box-link pts_result_link"" id=""win0hdrdivPTSTITLE$26""><span id=""PTSTITLE$span$26"" class=""ps-link-wrapper"" role=""presentation""><a id=""PTSTITLE$26"" class=""ps-link"" ptlinktgt=""pt_peoplecode"" tabindex=""-1"" role=""menuitem"" onclick=""javascript:cancelBubble(event);"" href=""javascript:submitAction_win0(document.win0,'PTSTITLE$26');"">Title</a></span></div></li><li class=""ps_grid-row ps_box-menuitem"" id=""PTS_INTELLISRCH_RS$0_row_27"" role=""presentation"">
<div role=""presentation"" class=""ps_box-link pts_result_link"" id=""win0hdrdivPTSTITLE$27""><span id=""PTSTITLE$span$27"" class=""ps-link-wrapper"" role=""presentation""><a id=""PTSTITLE$27"" class=""ps-link"" ptlinktgt=""pt_peoplecode"" tabindex=""-1"" role=""menuitem"" onclick=""javascript:cancelBubble(event);"" href=""javascript:submitAction_win0(document.win0,'PTSTITLE$27');"">Title</a></span></div></li><li class=""ps_grid-row ps_box-menuitem"" id=""PTS_INTELLISRCH_RS$0_row_28"" role=""presentation"">
<div role=""presentation"" class=""ps_box-link pts_result_link"" id=""win0hdrdivPTSTITLE$28""><span id=""PTSTITLE$span$28"" class=""ps-link-wrapper"" role=""presentation""><a id=""PTSTITLE$28"" class=""ps-link"" ptlinktgt=""pt_peoplecode"" tabindex=""-1"" role=""menuitem"" onclick=""javascript:cancelBubble(event);"" href=""javascript:submitAction_win0(document.win0,'PTSTITLE$28');"">Title</a></span></div></li><li class=""ps_grid-row ps_box-menuitem"" id=""PTS_INTELLISRCH_RS$0_row_29"" role=""presentation"">
<div role=""presentation"" class=""ps_box-link pts_result_link"" id=""win0hdrdivPTSTITLE$29""><span id=""PTSTITLE$span$29"" class=""ps-link-wrapper"" role=""presentation""><a id=""PTSTITLE$29"" class=""ps-link"" ptlinktgt=""pt_peoplecode"" tabindex=""-1"" role=""menuitem"" onclick=""javascript:cancelBubble(event);"" href=""javascript:submitAction_win0(document.win0,'PTSTITLE$29');"">Title</a></span></div></li><li class=""ps_grid-row ps_box-menuitem"" id=""PTS_INTELLISRCH_RS$0_row_30"" role=""presentation"">
<div role=""presentation"" class=""ps_box-link pts_result_link"" id=""win0hdrdivPTSTITLE$30""><span id=""PTSTITLE$span$30"" class=""ps-link-wrapper"" role=""presentation""><a id=""PTSTITLE$30"" class=""ps-link"" ptlinktgt=""pt_peoplecode"" tabindex=""-1"" role=""menuitem"" onclick=""javascript:cancelBubble(event);"" href=""javascript:submitAction_win0(document.win0,'PTSTITLE$30');"">Title</a></span></div></li><li class=""ps_grid-row ps_box-menuitem"" id=""PTS_INTELLISRCH_RS$0_row_31"" role=""presentation"">
<div role=""presentation"" class=""ps_box-link pts_result_link"" id=""win0hdrdivPTSTITLE$31""><span id=""PTSTITLE$span$31"" class=""ps-link-wrapper"" role=""presentation""><a id=""PTSTITLE$31"" class=""ps-link"" ptlinktgt=""pt_peoplecode"" tabindex=""-1"" role=""menuitem"" onclick=""javascript:cancelBubble(event);"" href=""javascript:submitAction_win0(document.win0,'PTSTITLE$31');"">Title</a></span></div></li><li class=""ps_grid-row ps_box-menuitem"" id=""PTS_INTELLISRCH_RS$0_row_32"" role=""presentation"">
<div role=""presentation"" class=""ps_box-link pts_result_link"" id=""win0hdrdivPTSTITLE$32""><span id=""PTSTITLE$span$32"" class=""ps-link-wrapper"" role=""presentation""><a id=""PTSTITLE$32"" class=""ps-link"" ptlinktgt=""pt_peoplecode"" tabindex=""-1"" role=""menuitem"" onclick=""javascript:cancelBubble(event);"" href=""javascript:submitAction_win0(document.win0,'PTSTITLE$32');"">Title</a></span></div></li><li class=""ps_grid-row ps_box-menuitem"" id=""PTS_INTELLISRCH_RS$0_row_33"" role=""presentation"">
<div role=""presentation"" class=""ps_box-link pts_result_link"" id=""win0hdrdivPTSTITLE$33""><span id=""PTSTITLE$span$33"" class=""ps-link-wrapper"" role=""presentation""><a id=""PTSTITLE$33"" class=""ps-link"" ptlinktgt=""pt_peoplecode"" tabindex=""-1"" role=""menuitem"" onclick=""javascript:cancelBubble(event);"" href=""javascript:submitAction_win0(document.win0,'PTSTITLE$33');"">Title</a></span></div></li><li class=""ps_grid-row ps_box-menuitem"" id=""PTS_INTELLISRCH_RS$0_row_34"" role=""presentation"">
<div role=""presentation"" class=""ps_box-link pts_result_link"" id=""win0hdrdivPTSTITLE$34""><span id=""PTSTITLE$span$34"" class=""ps-link-wrapper"" role=""presentation""><a id=""PTSTITLE$34"" class=""ps-link"" ptlinktgt=""pt_peoplecode"" tabindex=""-1"" role=""menuitem"" onclick=""javascript:cancelBubble(event);"" href=""javascript:submitAction_win0(document.win0,'PTSTITLE$34');"">Title</a></span></div></li><li class=""ps_grid-row ps_box-menuitem"" id=""PTS_INTELLISRCH_RS$0_row_35"" role=""presentation"">
<div role=""presentation"" class=""ps_box-link pts_result_link"" id=""win0hdrdivPTSTITLE$35""><span id=""PTSTITLE$span$35"" class=""ps-link-wrapper"" role=""presentation""><a id=""PTSTITLE$35"" class=""ps-link"" ptlinktgt=""pt_peoplecode"" tabindex=""-1"" role=""menuitem"" onclick=""javascript:cancelBubble(event);"" href=""javascript:submitAction_win0(document.win0,'PTSTITLE$35');"">Title</a></span></div></li><li class=""ps_grid-row ps_box-menuitem"" id=""PTS_INTELLISRCH_RS$0_row_36"" role=""presentation"">
<div role=""presentation"" class=""ps_box-link pts_result_link"" id=""win0hdrdivPTSTITLE$36""><span id=""PTSTITLE$span$36"" class=""ps-link-wrapper"" role=""presentation""><a id=""PTSTITLE$36"" class=""ps-link"" ptlinktgt=""pt_peoplecode"" tabindex=""-1"" role=""menuitem"" onclick=""javascript:cancelBubble(event);"" href=""javascript:submitAction_win0(document.win0,'PTSTITLE$36');"">Title</a></span></div></li><li class=""ps_grid-row ps_box-menuitem"" id=""PTS_INTELLISRCH_RS$0_row_37"" role=""presentation"">
<div role=""presentation"" class=""ps_box-link pts_result_link"" id=""win0hdrdivPTSTITLE$37""><span id=""PTSTITLE$span$37"" class=""ps-link-wrapper"" role=""presentation""><a id=""PTSTITLE$37"" class=""ps-link"" ptlinktgt=""pt_peoplecode"" tabindex=""-1"" role=""menuitem"" onclick=""javascript:cancelBubble(event);"" href=""javascript:submitAction_win0(document.win0,'PTSTITLE$37');"">Title</a></span></div></li><li class=""ps_grid-row ps_box-menuitem"" id=""PTS_INTELLISRCH_RS$0_row_38"" role=""presentation"">
<div role=""presentation"" class=""ps_box-link pts_result_link"" id=""win0hdrdivPTSTITLE$38""><span id=""PTSTITLE$span$38"" class=""ps-link-wrapper"" role=""presentation""><a id=""PTSTITLE$38"" class=""ps-link"" ptlinktgt=""pt_peoplecode"" tabindex=""-1"" role=""menuitem"" onclick=""javascript:cancelBubble(event);"" href=""javascript:submitAction_win0(document.win0,'PTSTITLE$38');"">Title</a></span></div></li><li class=""ps_grid-row ps_box-menuitem"" id=""PTS_INTELLISRCH_RS$0_row_39"" role=""presentation"">
<div role=""presentation"" class=""ps_box-link pts_result_link"" id=""win0hdrdivPTSTITLE$39""><span id=""PTSTITLE$span$39"" class=""ps-link-wrapper"" role=""presentation""><a id=""PTSTITLE$39"" class=""ps-link"" ptlinktgt=""pt_peoplecode"" tabindex=""-1"" role=""menuitem"" onclick=""javascript:cancelBubble(event);"" href=""javascript:submitAction_win0(document.win0,'PTSTITLE$39');"">Title</a></span></div></li><li class=""ps_grid-row ps_box-menuitem"" id=""PTS_INTELLISRCH_RS$0_row_40"" role=""presentation"">
<div role=""presentation"" class=""ps_box-link pts_result_link"" id=""win0hdrdivPTSTITLE$40""><span id=""PTSTITLE$span$40"" class=""ps-link-wrapper"" role=""presentation""><a id=""PTSTITLE$40"" class=""ps-link"" ptlinktgt=""pt_peoplecode"" tabindex=""-1"" role=""menuitem"" onclick=""javascript:cancelBubble(event);"" href=""javascript:submitAction_win0(document.win0,'PTSTITLE$40');"">Title</a></span></div></li><li class=""ps_grid-row ps_box-menuitem"" id=""PTS_INTELLISRCH_RS$0_row_41"" role=""presentation"">
<div role=""presentation"" class=""ps_box-link pts_result_link"" id=""win0hdrdivPTSTITLE$41""><span id=""PTSTITLE$span$41"" class=""ps-link-wrapper"" role=""presentation""><a id=""PTSTITLE$41"" class=""ps-link"" ptlinktgt=""pt_peoplecode"" tabindex=""-1"" role=""menuitem"" onclick=""javascript:cancelBubble(event);"" href=""javascript:submitAction_win0(document.win0,'PTSTITLE$41');"">Title</a></span></div></li><li class=""ps_grid-row ps_box-menuitem"" id=""PTS_INTELLISRCH_RS$0_row_42"" role=""presentation"">
<div role=""presentation"" class=""ps_box-link pts_result_link"" id=""win0hdrdivPTSTITLE$42""><span id=""PTSTITLE$span$42"" class=""ps-link-wrapper"" role=""presentation""><a id=""PTSTITLE$42"" class=""ps-link"" ptlinktgt=""pt_peoplecode"" tabindex=""-1"" role=""menuitem"" onclick=""javascript:cancelBubble(event);"" href=""javascript:submitAction_win0(document.win0,'PTSTITLE$42');"">Title</a></span></div></li><li class=""ps_grid-row ps_box-menuitem"" id=""PTS_INTELLISRCH_RS$0_row_43"" role=""presentation"">
<div role=""presentation"" class=""ps_box-link pts_result_link"" id=""win0hdrdivPTSTITLE$43""><span id=""PTSTITLE$span$43"" class=""ps-link-wrapper"" role=""presentation""><a id=""PTSTITLE$43"" class=""ps-link"" ptlinktgt=""pt_peoplecode"" tabindex=""-1"" role=""menuitem"" onclick=""javascript:cancelBubble(event);"" href=""javascript:submitAction_win0(document.win0,'PTSTITLE$43');"">Title</a></span></div></li><li class=""ps_grid-row ps_box-menuitem"" id=""PTS_INTELLISRCH_RS$0_row_44"" role=""presentation"">
<div role=""presentation"" class=""ps_box-link pts_result_link"" id=""win0hdrdivPTSTITLE$44""><span id=""PTSTITLE$span$44"" class=""ps-link-wrapper"" role=""presentation""><a id=""PTSTITLE$44"" class=""ps-link"" ptlinktgt=""pt_peoplecode"" tabindex=""-1"" role=""menuitem"" onclick=""javascript:cancelBubble(event);"" href=""javascript:submitAction_win0(document.win0,'PTSTITLE$44');"">Title</a></span></div></li><li class=""ps_grid-row ps_box-menuitem"" id=""PTS_INTELLISRCH_RS$0_row_45"" role=""presentation"">
<div role=""presentation"" class=""ps_box-link pts_result_link"" id=""win0hdrdivPTSTITLE$45""><span id=""PTSTITLE$span$45"" class=""ps-link-wrapper"" role=""presentation""><a id=""PTSTITLE$45"" class=""ps-link"" ptlinktgt=""pt_peoplecode"" tabindex=""-1"" role=""menuitem"" onclick=""javascript:cancelBubble(event);"" href=""javascript:submitAction_win0(document.win0,'PTSTITLE$45');"">Title</a></span></div></li><li class=""ps_grid-row ps_box-menuitem"" id=""PTS_INTELLISRCH_RS$0_row_46"" role=""presentation"">
<div role=""presentation"" class=""ps_box-link pts_result_link"" id=""win0hdrdivPTSTITLE$46""><span id=""PTSTITLE$span$46"" class=""ps-link-wrapper"" role=""presentation""><a id=""PTSTITLE$46"" class=""ps-link"" ptlinktgt=""pt_peoplecode"" tabindex=""-1"" role=""menuitem"" onclick=""javascript:cancelBubble(event);"" href=""javascript:submitAction_win0(document.win0,'PTSTITLE$46');"">Title</a></span></div></li><li class=""ps_grid-row ps_box-menuitem"" id=""PTS_INTELLISRCH_RS$0_row_47"" role=""presentation"">
<div role=""presentation"" class=""ps_box-link pts_result_link"" id=""win0hdrdivPTSTITLE$47""><span id=""PTSTITLE$span$47"" class=""ps-link-wrapper"" role=""presentation""><a id=""PTSTITLE$47"" class=""ps-link"" ptlinktgt=""pt_peoplecode"" tabindex=""-1"" role=""menuitem"" onclick=""javascript:cancelBubble(event);"" href=""javascript:submitAction_win0(document.win0,'PTSTITLE$47');"">Title</a></span></div></li><li class=""ps_grid-row ps_box-menuitem"" id=""PTS_INTELLISRCH_RS$0_row_48"" role=""presentation"">
<div role=""presentation"" class=""ps_box-link pts_result_link"" id=""win0hdrdivPTSTITLE$48""><span id=""PTSTITLE$span$48"" class=""ps-link-wrapper"" role=""presentation""><a id=""PTSTITLE$48"" class=""ps-link"" ptlinktgt=""pt_peoplecode"" tabindex=""-1"" role=""menuitem"" onclick=""javascript:cancelBubble(event);"" href=""javascript:submitAction_win0(document.win0,'PTSTITLE$48');"">Title</a></span></div></li><li class=""ps_grid-row ps_box-menuitem"" id=""PTS_INTELLISRCH_RS$0_row_49"" role=""presentation"">
<div role=""presentation"" class=""ps_box-link pts_result_link"" id=""win0hdrdivPTSTITLE$49""><span id=""PTSTITLE$span$49"" class=""ps-link-wrapper"" role=""presentation""><a id=""PTSTITLE$49"" class=""ps-link"" ptlinktgt=""pt_peoplecode"" tabindex=""-1"" role=""menuitem"" onclick=""javascript:cancelBubble(event);"" href=""javascript:submitAction_win0(document.win0,'PTSTITLE$49');"">Title</a></span></div></li></ul></div>
</div></div></div></div></div></div></div></div></div></div><div class="" ps_actions_cont"" id=""win0hdrdivPT_ACTION_CONT""><div class="" ps_custom_cont  ps_target-custright"" id=""win0hdrdivPT_CUSTOM_RIGHT""></div><div class="" ps_system_cont"" id=""win0hdrdivPTLAYOUT_HEADER_GROUPBOX6""><div class=""ps_box-group psc_layout ps_header_button ps_search-custom psc_hide-BP3"" id=""win0hdrdivPT_CUSTOM_SEARCH""></div><div class="" ps_header_button psc_header-all"" id=""win0hdrdiv$ICField54""><div class=""ps_box-group psc_has_popup ps_box-button  psc_menu-act  ps_header_button psc_header-all psc_image_only"" id=""win0hdrdivPT_ACTION_MENU""><span class=""ps-button-wrapper"" title=""Actions""><a class=""ps-button"" role=""button"" id=""PT_ACTION_MENU$PIMG"" onclick=""javascript:cancelBubble(event);"" aria-haspopup=""true"" href=""javascript:submitAction_win0(document.win0,'PT_ACTION_MENU');""><span class=""ps-text"">Actions</span><img class=""ps-img"" src=""https://careers.northwestern.edu/cs/hr857prd_er/cache3/PT_HEADER_ACTIONS_1.svg"" alt=""""></a></span><div class=""psc_hidden"" options=""sPopupParentId@PT_ACTION_MENU$PIMG;bPIA@1;bPopup@1;bMask@0;bClose@1;bHeader@1;bCache@1;sStyle@ps_popup-menu ps_menutype-act;sTitle@Actions List Popup;bAutoClose@1;bMask@1;sMaskStyle@ps_masktrans;bVertical@1;bHeader@0;bPopupMenu@1;"" id=""PT_ACTION_MENU$divpop""><div class=""ps_content-group ps_scrollable ps_scrollable_v sbar sbar_v"" id=""win0hdrdivPT_ACTION_MENUgrp"" onscroll=""doScroll(this, false);"">
<ul role=""menu"" class=""ps_box-group ps_box-menucontainer pt_keynav-list ps_menucontainer"" id=""win0hdrdiv$ICField13""><li role=""presentation"" class="" ps_custom_action ps_menusection "" id=""win0hdrdivPT_CUSTOM_ACTION""></li><li role=""presentation"" class=""  ps_search_action ps_menusection "" id=""win0hdrdivPT_SEARCH_ACTION""></li><li role=""presentation"" class="" ps_ag_action ps_menusection "" id=""win0hdrdivPT_ACTGUIDE_ACTION""></li><li role=""presentation"" class=""ps_box-group psc_layout ps_system_action ps_menusection"" id=""win0hdrdivPT_SYSTEM_ACTION""><ul role=""presentation"" class=""ps_box-group psc_layout"" id=""win0hdrdivPT_SYSACT_CONT""><li role=""presentation"" class=""ps_box-group ps_box-menuitem ps_header-previous ps_menuitem psc_hidden"" id=""win0hdrdivPT_SYSACT_PRVLST""></li><li role=""presentation"" class=""ps_box-group ps_box-menuitem ps_header-next ps_menuitem  psc_hidden"" id=""win0hdrdivPT_SYSACT_NXTLST""></li><li role=""presentation"" class=""ps_box-group ps_box-menuitem ps_header-retlist ps_menuitem  psc_hidden"" id=""win0hdrdivPT_SYSACT_RETLST"" aria-hidden=""true"" ps_state=""psc_hidden""></li><li role=""presentation"" class=""ps_box-group ps_box-menuitem ps_menuitem ptpn_share"" id=""win0hdrdivPT_SYSACT_SHARE""></li><li role=""presentation"" class=""ps_box-group ps_box-menuitem ps_header-home ps_menuitem psc_show-BP2"" id=""win0hdrdivPT_SYSACT_HOME""></li><li role=""presentation"" class=""ps_box-group ps_box-menuitem ps_header-gsearch ps_menuitem psc_show-BP3"" id=""win0hdrdivPT_SYSACT_GBLSRCH""></li><li role=""presentation"" class=""ps_box-group ps_box-menuitem ps_header-addhp ps_menuitem"" id=""win0hdrdivPT_SYSACT_ADDHP""></li><li role=""presentation"" class=""ps_box-group ps_box-menuitem ps_header-addnb ps_menuitem"" id=""win0hdrdivPT_SYSACT_ADDNB""></li><li role=""presentation"" class=""ps_box-group ps_box-menuitem ps_header-addfav ps_menuitem"" id=""win0hdrdivPT_SYSACT_ADDFAV""></li><li role=""presentation"" class=""ps_box-group ps_box-menuitem ps_header-navbar ps_menuitem psc_show-BP4"" id=""win0hdrdivPT_SYSACT_NAVBAR""></li><li role=""presentation"" class=""ps_box-group ps_box-menuitem ps_header-mcfconsole ps_menuitem"" id=""win0hdrdivPT_SYSACT_MCF""></li><li role=""presentation"" class=""ps_box-group ps_box-menuitem ps_header-mypref ps_menuitem"" id=""win0hdrdivPT_SYSACT_MYPREF""></li><li role=""presentation"" class=""ps_box-group ps_box-menuitem ps_header-access ps_menuitem"" id=""win0hdrdivPT_SYSACT_ACCESS""></li><li role=""presentation"" class=""ps_box-group ps_box-menuitem ps_menuitem"" id=""win0hdrdivPT_SYSACT_PPM""></li><li role=""presentation"" class=""ps_box-group ps_box-menuitem ps_header-help ps_menuitem psc_hidden"" id=""win0hdrdivPT_SYSACT_HELP"" aria-hidden=""true"" ps_state=""psc_hidden""><div role=""presentation"" class=""ps_box-link psc_toolaction-help"" id=""win0hdrdivPT_HELP_MENU""><span id=""PT_HELP_MENU$span"" class=""ps-link-wrapper"" role=""presentation""><a id=""PT_HELP_MENU"" class=""ps-link"" ptlinktgt=""pt_replace"" tabindex=""-1"" role=""menuitem"" href=""javascript:DoHelp('PeopleSoft Online Help')"" onclick=""javascript:cancelBubble(event);"">Help</a></span></div></li><li role=""presentation"" class=""ps_box-group ps_box-menuitem ps_header-logout ps_menuitem"" id=""win0hdrdivPT_SYSACT_LOGOUT""></li></ul></li></ul></div></div></div></div></div></div></div><div class="" ps_pagetitle_cont"" id=""win0hdrdivPT_TITLE_CONT1""><div class="" ps_system_cont  ps_target-title"" id=""win0hdrdivPT_PAGETITLE1""><h1 id=""PT_PAGETITLE1"" class=""ps_pagetitle""><span class=""ps-text"" id=""PT_PAGETITLE1lbl""> </span></h1></div><div class="" ps_custom_cont ps_target-custmiddle"" id=""win0hdrdivPT_CUSTOM_MIDDLE1""></div><div class="" ps_context_cont"" id=""win0hdrdiv$ICField83""><div class=""ps_box-group psc_has_popup ps_box-button psc_menu-act psc_image_only psc_button-transparent psc_image-nomaxheight"" id=""win0hdrdivPT_CONTEXT_MENU""><span class=""ps-button-wrapper"" title=""More Actions""><a class=""ps-button"" role=""button"" id=""PT_CONTEXT_MENU$PIMG"" onclick=""javascript:cancelBubble(event);"" aria-haspopup=""true"" href=""javascript:submitAction_win0(document.win0,'PT_CONTEXT_MENU');""><span class=""ps-text"">More Actions</span><img class=""ps-img"" src=""https://careers.northwestern.edu/cs/hr857prd_er/cache3/PT_CONTEXT_MENU_ICN_1.SVG"" alt=""""></a></span><div class=""psc_hidden"" options=""sPopupParentId@PT_CONTEXT_MENU$PIMG;bPIA@1;bPopup@1;bMask@0;bClose@1;bHeader@1;bCache@1;sStyle@ps_popup-menu ps_menutype-act;bAutoClose@1;bMask@1;bVertical@1;bHeader@0;bPopupMenu@1;"" id=""PT_CONTEXT_MENU$divpop""><div class=""ps_content-group ps_scrollable ps_scrollable_v sbar sbar_v"" id=""win0hdrdivPT_CONTEXT_MENUgrp"" onscroll=""doScroll(this, false);"">
<ul role=""menu"" class=""ps_box-group ps_box-menucontainer pt_keynav-list ps_menucontainer"" id=""win0hdrdiv$ICField$14$""><li role=""presentation"" class="" ps_custom_action ps_menusection "" id=""win0hdrdivPT_CUSTOM_ACTION1""><ul role=""presentation"" class=""ps_box-group ps_menusection hrs_action_menuitem"" id=""win0divPTLAYOUT_PT_MENU_PRESENT""><li class=""ps_box-group psc_layout ps_menuitem "" id=""win0divPTLAYOUT_PT_MENU_LISTITEM""><div role=""presentation"" class=""ps_box-link"" id=""win0divDERIVED_HRS_CG_HRS_HOME_PB""><span id=""DERIVED_HRS_CG_HRS_HOME_PB$span"" class=""ps-link-wrapper"" role=""presentation""><a id=""DERIVED_HRS_CG_HRS_HOME_PB"" class=""ps-link"" ptlinktgt=""pt_peoplecode"" tabindex=""-1"" role=""menuitem"" onclick=""javascript:cancelBubble(event);"" href=""javascript:submitAction_win0(document.win0,'DERIVED_HRS_CG_HRS_HOME_PB');"">Careers</a></span></div></li><li class=""ps_box-group psc_layout  ps_menuitem  "" id=""win0divPTLAYOUT_PT_MENU_LISTITEM$30$""><div role=""presentation"" class=""ps_box-link"" id=""win0divDERIVED_HRS_CG_HRS_LOGIN_PB""><span id=""DERIVED_HRS_CG_HRS_LOGIN_PB$span"" class=""ps-link-wrapper"" role=""presentation""><a id=""DERIVED_HRS_CG_HRS_LOGIN_PB"" class=""ps-link"" ptlinktgt=""pt_peoplecode"" tabindex=""-1"" role=""menuitem"" onclick=""javascript:cancelBubble(event);"" href=""javascript:submitAction_win0(document.win0,'DERIVED_HRS_CG_HRS_LOGIN_PB');"">Sign In</a></span></div></li><li class=""ps_box-group psc_layout  ps_menuitem  "" id=""win0divPTLAYOUT_PT_MENU_LISTITEM$32$""><div role=""presentation"" class=""ps_box-link"" id=""win0divDERIVED_HRS_CG_HRS_REGISTER_PB""><span id=""DERIVED_HRS_CG_HRS_REGISTER_PB$span"" class=""ps-link-wrapper"" role=""presentation""><a id=""DERIVED_HRS_CG_HRS_REGISTER_PB"" class=""ps-link"" ptlinktgt=""pt_peoplecode"" tabindex=""-1"" role=""menuitem"" onclick=""javascript:cancelBubble(event);"" href=""javascript:submitAction_win0(document.win0,'DERIVED_HRS_CG_HRS_REGISTER_PB');"">New User</a></span></div></li></ul></li><li role=""presentation"" class=""  ps_search_action ps_menusection "" id=""win0hdrdivPT_SEARCH_ACTION1""></li><li role=""presentation"" class="" ps_ag_action ps_menusection "" id=""win0hdrdivPT_ACGUIDE_ACTION1""></li></ul></div></div></div></div></div></div><div class=""ps_box-group psc_layout ps_header_confirmation"" id=""win0hdrdivPT_CONFIRM_CONT""><div role=""alert"" aria-live=""assertive"" class=""ps_box-group psc_layout psc_confirmation-animate "" id=""win0hdrdivPT_CONFIRMATION""><div class=""ps_box-group psc_layout psc_confirmation-area"" id=""win0hdrdivPT_CONFIRM_AREA""><div class=""ps_box-longedit psc_disabled psc_wrappable psc_has_value psc_confirmation-msg"" id=""win0hdrdivPT_CONFIRM_MSG""><div class=""ps_box-label"" id=""win0hdrdivPT_CONFIRM_MSGlbl""><span class=""ps-label"">&nbsp;</span></div><span class=""ps_box-value"" id=""PT_CONFIRM_MSG"">&nbsp;</span>
</div><div class=""ps_box-button psc_image_only psc_modal-close psc_confirmation-close"" id=""win0hdrdivPT_CONFIRM_CLOSE""><span class=""ps-button-wrapper"" title=""Close""><a id=""PT_CONFIRM_CLOSE"" class=""ps-button"" role=""button"" onclick=""javascript:cancelBubble(event);"" href=""javascript:submitAction_win0(document.win0,'PT_CONFIRM_CLOSE');""><img src=""https://careers.northwestern.edu/cs/hr857prd_er/cache3/PT_MODAL_CLOSE_NUI_1.svg"" id=""PT_CONFIRM_CLOSE$IMG"" class=""ps-img"" alt=""Close""></a></span></div></div></div></div><div class=""ps_box-group psc_layout ps_ag-processheader"" id=""win0hdrdivPT_AG_LAYOUT_PT_AG_GROUPBOX3""></div><div class="" ps_header_bar_custom ps_target-custbottom"" id=""win0hdrdivPT_CUSTOM_BOTTOM""></div></div></div></div>

</div>
<div class=""ps_search psc_close side"" id=""PT_SEARCH""></div>
<div class=""ps_box-pagetabs psc_hidden"" id=""win0divPSPANELTABS""></div>

<div class=""ps_mid_section"" id=""PT_MID_SECTION"">
<div class=""pst_panel-side1"" id=""PT_SIDE""><div class=""pst_panel-side1-top"" id=""PT_SIDE_TOP""></div><div class=""pst_panel-side1-bottom"" id=""PT_SIDE_BOTTOM""></div></div>

<div class=""ps_content"" id=""PT_CONTENT"" role=""main"">
<div class=""ps_main"" id=""PT_MAIN""><div class=""ps_pagecontainer"" id=""win0divPAGECONTAINER"">
<div class=""ps_pspagecontainer"" id=""win0divPSPAGECONTAINER"">
<div class=""ps_box-group psc_layout psc_page-container"" id=""win0divDERIVED_HRS_CG_HRS_GRPBOX_00""><div class=""ps_box-group psc_layout psc_flex-none"" id=""win0divDERIVED_HRS_CG_HRS_GRPBOX_01""><div class=""ps_box-group psc_layout"" id=""win0div$ICField1""><div class=""ps_box-group psc_layout ps_apps_pageheader psc_pageheader-fixed"" id=""win0divHRS_SCH_WRK_FLU_HRS_GRPBOX_07""><div class=""ps_box-group psc_layout"" id=""win0divDERIVED_HRS_FLU_""><div class=""ps_box-group psc_layout psc_float-right hrs_cg_margin-topn3em"" id=""win0divDERIVED_HRS_CG_""></div></div><div class=""ps_box-group psc_layout"" id=""win0divHRS_SCH_WRK_FLU_HRS_GRPBOX_06""><div class=""ps_box-group psc_layout hrs_flexRow psc_margin-top02em"" id=""win0div$ICField30""><div class=""ps_box-link psc_disabled"" id=""win0divDERIVED_HRS_FLU_HRS_PREVIOUS_PB""><span class=""ps-link-wrapper"" title=""Previous""><a id=""DERIVED_HRS_FLU_HRS_PREVIOUS_PB"" aria-disabled=""true"" disabled=""disabled"" class=""ps-link""><img src=""https://careers.northwestern.edu/cs/hr857prd_er/cache3/PT_GUIDED_PREV_ICON_ALT_1.svg"" id=""DERIVED_HRS_FLU_HRS_PREVIOUS_PB$IMG"" class=""ps-img"" alt=""""><span class=""ps-text"">Previous Job</span></a></span></div><div class=""ps_box-group psc_layout psc_nolabel hrs_flex psc_strong psc_halign-center psc_margin-none"" id=""win0divDERIVED_HRS_FLU_GROUPBOX12""><div class=""ps_box-group psc_layout psc_nolabel hrs_flex psc_strong psc_halign-center psc_margin-none"" id=""win0divDERIVED_HRS_FLU_GROUPBOX11""><div class=""ps_box-edit psc_disabled psc_wrappable psc_has_value psc_nolabel hrs_flex psc_strong psc_halign-center psc_margin-none"" id=""win0divHRS_SCH_WRK2_POSTING_TITLE""><div class=""ps_box-label"" id=""win0divHRS_SCH_WRK2_POSTING_TITLElbl""><span class=""ps-label"">Job Title</span></div><span class=""ps_box-value"" id=""HRS_SCH_WRK2_POSTING_TITLE"">Developer Sr</span>
</div></div></div><div class=""ps_box-link psc_disabled  psc_float-right"" id=""win0divDERIVED_HRS_FLU_HRS_NEXT_PB""><span class=""ps-link-wrapper"" title=""Next""><a id=""DERIVED_HRS_FLU_HRS_NEXT_PB"" aria-disabled=""true"" disabled=""disabled"" class=""ps-link""><span class=""ps-text"">Next Job</span><img src=""https://careers.northwestern.edu/cs/hr857prd_er/cache3/PT_GUIDED_NEXT_ICON_ALT_1.svg"" id=""DERIVED_HRS_FLU_HRS_NEXT_PB$IMG"" class=""ps-img"" alt=""""></a></span></div></div></div></div></div></div><div class=""ps_box-group psc_layout ps_apps_content"" id=""win0divDERIVED_HRS_CG_HRS_GRPBOX_02""><div class=""ps_box-group psc_layout hrs_cg_page_width_1440 "" id=""win0div$ICField189""><div class=""ps_box-group psc_layout hrs_top-button-box"" id=""win0div$ICField181""><div class=""ps_box-button psc_primary psc_float-right"" id=""win0divAPPLYJOB""><span id=""APPLYJOB$span"" class=""ps-button-wrapper"" title=""Apply""><a id=""APPLYJOB"" class=""ps-button"" role=""button"" ptlinktgt=""pt_peoplecode"" onclick=""javascript:cancelBubble(event);"" href=""javascript:submitAction_win0(document.win0,'APPLYJOB');"">Apply for Job</a></span></div></div><div class=""ps_box-group"" id=""win0div$ICField166""><div class=""ps_box-group psc_layout  psc_column-2 "" id=""win0div$ICField169""><div class=""ps_box-group psc_layout psc_columnitem-1of2 "" id=""win0div$ICField167""><div class=""ps_box-edit psc_disabled psc_has_value psc_num"" id=""win0divHRS_SCH_WRK2_HRS_JOB_OPENING_ID""><div class=""ps_box-label"" id=""win0divHRS_SCH_WRK2_HRS_JOB_OPENING_IDlbl""><span class=""ps-label"">Job ID</span></div><span class=""ps_box-value"" id=""HRS_SCH_WRK2_HRS_JOB_OPENING_ID"">50289</span>
</div><div class=""ps_box-longedit psc_disabled psc_wrappable psc_has_value"" id=""win0divHRS_SCH_WRK_HRS_DESCRLONG""><div class=""ps_box-label"" id=""win0divHRS_SCH_WRK_HRS_DESCRLONGlbl""><span class=""ps-label"">Location</span></div><span class=""ps_box-value"" id=""HRS_SCH_WRK_HRS_DESCRLONG"">Evanston, Illinois</span>
</div></div><div class=""ps_box-group psc_layout psc_columnitem-1of2 "" id=""win0div$ICField168""></div></div></div><div class=""ps_box-group psc_layout psc_padding-left12pct  psc_bordert"" id=""win0div$ICField132""><div class=""ps_box-group psc_layout psc_margin-top05em"" id=""win0div$ICField165""><div class=""ps_box-group psc_layout psc_margin-bottom1em psc_margin-top1em"" id=""win0divHRS_SCH_WRK2_HRS_FAVORITE_ICN""><div class=""ps_box-link  psc_label-valignmiddle "" id=""win0divHRS_SCH_WRK2_HRS_FAVORITE_ICN$128$""><span class=""ps-link-wrapper"" title=""Add to My Favorite Jobs""><a id=""HRS_SCH_WRK2_HRS_FAVORITE_ICN$128$"" class=""ps-link"" onclick=""javascript:cancelBubble(event);"" href=""javascript:submitAction_win0(document.win0,'HRS_SCH_WRK2_HRS_FAVORITE_ICN$128$');""><img src=""https://careers.northwestern.edu/cs/hr857prd_er/cache3/PS_FAVORITE_DISABLED_ICN_1.png"" id=""HRS_SCH_WRK2_HRS_FAVORITE_ICN$128$$IMG"" class=""ps-img"" alt=""""><span class=""ps-text"">Add to My Favorite Jobs</span></a></span></div></div><div class=""ps_box-group psc_layout psc_margin-bottom1em"" id=""win0divHRS_SCH_WRK_HRS_CE_EML_FRND""><div class=""ps_box-link psc_label-valignmiddle"" id=""win0divHRS_SCH_WRK_HRS_CE_EML_FRND$148$""><span class=""ps-link-wrapper"" title=""Email to Friend""><a id=""HRS_SCH_WRK_HRS_CE_EML_FRND$148$"" class=""ps-link"" onclick=""javascript:cancelBubble(event);"" href=""javascript:submitAction_win0(document.win0,'HRS_SCH_WRK_HRS_CE_EML_FRND$148$');""><img src=""https://careers.northwestern.edu/cs/hr857prd_er/cache3/PS_EMAIL_S_FL_1.svg"" id=""HRS_SCH_WRK_HRS_CE_EML_FRND$148$$IMG"" class=""ps-img"" alt=""""><span class=""ps-text"">Email this Job</span></a></span></div></div></div><div class=""ps_box-group psc_layout hrs_sr-only"" id=""win0divDERIVED_HRS_CG_HRS_GRPBOX_04""><div class=""ps_box-edit psc_disabled psc_has_value"" id=""win0divHRS_SCH_WRK2_DESCR254""><div class=""ps_box-label"" id=""win0divHRS_SCH_WRK2_DESCR254lbl""><span class=""ps-label"">&nbsp;</span></div><span class=""ps_box-value"" id=""HRS_SCH_WRK2_DESCR254"">&nbsp;</span>
</div></div></div><div class=""ps_box-group psc_layout psc_bordert"" id=""win0div$ICField188""><div class=""ps_box-scrollarea"" id=""win0divHRS_SCH_PSTDSC$0""><div class=""ps_box-scrollarea-row"" id=""win0divHRS_SCH_PSTDSC_row$0""><div class=""ps_box-group hrs_cg_groupbox_field_label_back"" id=""win0divHRS_SCH_WRK_DESCR100$0""><h2 class=""ps_header-group""><span class=""ps-text"" id=""HRS_SCH_WRK_DESCR100$0lbl""> </span></h2>
<div class=""ps_content-group"" id=""win0divHRS_SCH_WRK_DESCR100grp$0"">
<div class=""ps_box-longedit psc_disabled psc_has_valueasrte psc_nolabel psc_wrappable"" id=""win0divHRS_SCH_PSTDSC_DESCRLONG$0""><div class=""ps_box-label"" id=""win0divHRS_SCH_PSTDSC_DESCRLONGlbl$0""><span class=""ps-label"">&nbsp;</span></div><span class=""ps_box-value"" id=""HRS_SCH_PSTDSC_DESCRLONG$0"">
<p><strong>Department: </strong>Education &amp; Social Policy<br><strong>Salary/Grade: </strong>ITS/81<br>&nbsp;</p><p class=""MsoBodyText""><b style=""mso-bidi-font-weight:normal;""><span style=""font-family:&quot;Arial&quot;,sans-serif;font-size:9.0pt;""><strong>Job Summary:</strong></span></b><span style=""font-family:&quot;Arial&quot;,sans-serif;font-size:9.0pt;"">&nbsp;</span><o:p></o:p></p><p class=""MsoNormal"">Headed by Professor Uri Wilensky, Northwesterns Center for Connected Learning &amp; Computer-Based Modeling (CCL) is looking for a full-time Software Developer to work on NetLogo. If you are a system builder and can design and implement a whole application independently, this position is ideal for you! Under the direction of The Software Developer works in a small collaborative development team in a research group that also includes professors, postdocs, graduate students, and undergraduates, supporting the needs of multiple research projects. A major focus would be on development of NetLogo (in both Desktop and Web form), an open-source modeling environment for both education and scientific research. CCL grants also involve development work on HubNet, NetTango and other associated tools for NetLogo, including research and educational NSF grants involving building, delivering, and assessing NetLogo-based science curricula for secondary schools. NetLogo is the most widely used agent-based modeling software, and has hundreds of thousands of users worldwide using it for both research and education.&nbsp;<o:p></o:p></p><p class=""MsoNormal"">&nbsp;</p><p class=""MsoNormal""><span style=""font-family:&quot;Arial&quot;,sans-serif;font-size:9.0pt;""><strong>Specific Responsibilities:</strong></span><span style=""font-family:&quot;Arial&quot;,sans-serif;font-size:9.0pt;mso-spacerun:yes;""><strong>&nbsp;&nbsp;</strong> &nbsp;</span><o:p></o:p></p><p class=""MsoNormal""><span style=""font-family:&quot;Arial&quot;,sans-serif;font-size:9.0pt;"">Development</span><o:p></o:p></p><ul><li style=""list-style-type:disc;""><span style=""font-family:&quot;Arial&quot;,sans-serif;font-size:9.0pt;"">Develops and maintains software infrastructure, via patches, bundles, releases and maintenance packs.</span><o:p></o:p></li><li style=""list-style-type:disc;""><span style=""font-family:&quot;Arial&quot;,sans-serif;font-size:9.0pt;"">Codes software applications adhering to designs supporting internal business requirements or external user.&nbsp;</span><o:p></o:p><o:p></o:p></li><li style=""list-style-type:disc;""><span style=""font-family:&quot;Arial&quot;,sans-serif;font-size:9.0pt;"">Designs databases and data structures.</span><o:p></o:p></li><li style=""list-style-type:disc;""><span style=""font-family:&quot;Arial&quot;,sans-serif;font-size:9.0pt;"">Meets with business analyst/stakeholder to determine requirements.</span><o:p></o:p></li><li style=""list-style-type:disc;""><span style=""font-family:&quot;Arial&quot;,sans-serif;font-size:9.0pt;"">Collaborates with and leads the NetLogo development team in designing features for NetLogo, NetLogo Web, NetTango, HubNet and web-based versions of these applications; writes code independently, and in the context of a team of experienced software engineers and principal investigator.</span><o:p></o:p></li><li style=""list-style-type:disc;""><span style=""font-family:&quot;Arial&quot;,sans-serif;font-size:9.0pt;"">Interacts with commercial and academic partners to help determine design and functional requirements for NetLogo,; interacts with user community including responding to bug reports, questions, and suggestions, interacting with open-source contributors assessing and</span><span style=""font-family:&quot;Arial&quot;,sans-serif;font-size:9.0pt;mso-spacerun:yes;"">&nbsp; </span><span style=""font-family:&quot;Arial&quot;,sans-serif;font-size:9.0pt;"">merging their contributions. Triages, prioritizes, fixes documents, and communicates on end-user issue reports.</span><o:p></o:p></li><li style=""list-style-type:disc;""><span style=""font-family:&quot;Arial&quot;,sans-serif;font-size:9.0pt;"">Researches and develops new algorithms and statistical techniques designed for analyzing data based on customer needs.</span><o:p></o:p></li></ul><p class=""MsoNormal""><span style=""font-family:&quot;Arial&quot;,sans-serif;font-size:9.0pt;"">Administration/Operations</span><o:p></o:p></p><ul><li style=""list-style-type:disc;""><span style=""font-family:&quot;Arial&quot;,sans-serif;font-size:9.0pt;"">Responds to customer inquiries via phone, online, in-person, etc.</span><o:p></o:p></li><li style=""list-style-type:disc;""><span style=""font-family:&quot;Arial&quot;,sans-serif;font-size:9.0pt;"">Creates and maintains code documentation.</span><o:p></o:p></li><li style=""list-style-type:disc;""><span style=""font-family:&quot;Arial&quot;,sans-serif;font-size:9.0pt;"">Evaluates feature/upgrade/change requests and recommends action.</span><o:p></o:p></li><li style=""list-style-type:disc;""><span style=""font-family:&quot;Arial&quot;,sans-serif;font-size:9.0pt;"">Identifies database and software performance issues, and makes adjustments.&nbsp;</span><o:p></o:p></li><li style=""list-style-type:disc;""><span style=""font-family:&quot;Arial&quot;,sans-serif;font-size:9.0pt;"">Performs data collection, organization, and summarization for projects; assists with coordination of team activities;</span><o:p></o:p></li><li style=""list-style-type:disc;""><span style=""font-family:&quot;Arial&quot;,sans-serif;font-size:9.0pt;"">Creates, updates and documents existing models using NetLogo, and web-based applications; creates new such models;</span><o:p></o:p></li></ul><p class=""MsoNormal""><span style=""font-family:&quot;Arial&quot;,sans-serif;font-size:9.0pt;"">Strategic Planning</span><o:p></o:p></p><ul><li style=""list-style-type:disc;""><span style=""font-family:&quot;Arial&quot;,sans-serif;font-size:9.0pt;"">Collaborates with end users to develop work flow and best practices.</span><o:p></o:p></li><li style=""list-style-type:disc;""><span style=""font-family:&quot;Arial&quot;,sans-serif;font-size:9.0pt;"">Partners with end users in designing features for technology.</span><o:p></o:p></li><li style=""list-style-type:disc;""><span style=""font-family:&quot;Arial&quot;,sans-serif;font-size:9.0pt;"">Performs other duties as assigned.</span><o:p></o:p></li></ul><p class=""MsoNormal"">&nbsp;</p><p class=""MsoNormal""><span style=""font-family:&quot;Arial&quot;,sans-serif;font-size:9.0pt;""><strong>Minimum Qualifications: (Education, experience, and any other certifications or clearances)</strong></span><o:p></o:p></p><ul><li style=""list-style-type:disc;""><span style=""font-family:&quot;Arial&quot;,sans-serif;font-size:9.0pt;"">Successful completion of a full 4-year course of study in an accredited college or university leading to a bachelor's or higher degree; OR appropriate combination of education and experience.</span><span style=""font-family:&quot;Arial&quot;,sans-serif;font-size:9.0pt;mso-spacerun:yes;"">&nbsp; &nbsp;</span><o:p></o:p></li><li style=""list-style-type:disc;""><span style=""font-family:&quot;Arial&quot;,sans-serif;font-size:9.0pt;"">2 years of relevant experience required.</span><o:p></o:p></li><li style=""list-style-type:disc;""><span style=""font-family:&quot;Arial&quot;,sans-serif;font-size:9.0pt;"">Demonstrated experience and enthusiasm for writing clean, modular, well-tested code.</span><o:p></o:p></li><li style=""list-style-type:disc;""><span style=""font-family:&quot;Arial&quot;,sans-serif;font-size:9.0pt;"">Experience with working effectively as part of a small software development team, including close collaboration, distributed version control, and automated testing;</span><o:p></o:p></li><li style=""list-style-type:disc;""><span style=""font-family:&quot;Arial&quot;,sans-serif;font-size:9.0pt;"">Experience with open-source software development and supporting the growth of an open-source community;</span><o:p></o:p></li><li style=""list-style-type:disc;""><span style=""font-family:&quot;Arial&quot;,sans-serif;font-size:9.0pt;"">Experience with Linux as well as experience with GitHub and GitHub Actions or other testing and deployment automation tools.</span><o:p></o:p></li><li style=""list-style-type:disc;""><span style=""font-family:&quot;Arial&quot;,sans-serif;font-size:9.0pt;"">Experience with GUI design; language design and compilers;</span><o:p></o:p></li><li style=""list-style-type:disc;""><span style=""font-family:&quot;Arial&quot;,sans-serif;font-size:9.0pt;"">Experience with building web-based applications, both server-side and client-side components, particularly with html5 and JavaScript.</span><o:p></o:p></li></ul><p class=""MsoListParagraphCxSpLast"" style=""margin-left:.25in;mso-add-space:auto;"">&nbsp;</p><p class=""MsoNormal""><span style=""font-family:&quot;Arial&quot;,sans-serif;font-size:9.0pt;""><strong>Preferred Qualifications: (Education and experience)</strong></span><o:p></o:p></p><ul><li style=""list-style-type:disc;"">4+ years of experience or the equivalent in projects built.&nbsp;</li><li style=""list-style-type:disc;""><span style=""font-family:&quot;Arial&quot;,sans-serif;font-size:9.0pt;"">Experience with at least one JVM language such as Java;</span><o:p></o:p></li><li style=""list-style-type:disc;""><span style=""font-family:&quot;Arial&quot;,sans-serif;font-size:9.0pt;"">Experience with Scala programming, or enthusiasm for learning it;</span><o:p></o:p></li><li style=""list-style-type:disc;""><span style=""font-family:&quot;Arial&quot;,sans-serif;font-size:9.0pt;"">Experience with Haskell, Lisp, or other functional languages;</span><o:p></o:p></li><li style=""list-style-type:disc;""><span style=""font-family:&quot;Arial&quot;,sans-serif;font-size:9.0pt;"">Interest in and experience with programming language implementation, functional programming, and metaprogramming;</span><o:p></o:p></li><li style=""list-style-type:disc;""><span style=""font-family:&quot;Arial&quot;,sans-serif;font-size:9.0pt;"">Experience with GUI design; language design and compilers;</span><o:p></o:p></li><li style=""list-style-type:disc;""><span style=""font-family:&quot;Arial&quot;,sans-serif;font-size:9.0pt;"">Interest in and experience with computer-based modeling and simulation, especially agent-based simulation;</span><o:p></o:p></li><li style=""list-style-type:disc;""><span style=""font-family:&quot;Arial&quot;,sans-serif;font-size:9.0pt;"">Interest in and experience with distributed, multiplayer, networked systems and/or participatory simulations.</span><o:p></o:p></li><li style=""list-style-type:disc;""><span style=""font-family:&quot;Arial&quot;,sans-serif;font-size:9.0pt;"">Experience with physical computing;</span><o:p></o:p></li><li style=""list-style-type:disc;""><span style=""font-family:&quot;Arial&quot;,sans-serif;font-size:9.0pt;"">Experience with cross-platform mobile development;</span><o:p></o:p></li><li style=""list-style-type:disc;""><span style=""font-family:&quot;Arial&quot;,sans-serif;font-size:9.0pt;"">Experience working on research projects in an academic environment;</span><o:p></o:p></li><li style=""list-style-type:disc;""><span style=""font-family:&quot;Arial&quot;,sans-serif;font-size:9.0pt;"">Interest in education and an understanding of secondary school math and science content.</span><o:p></o:p></li></ul><p class=""MsoNormal""><i>Target hiring range for this position will be between $100,000-$130,000 per year. &nbsp;Offered salary will be determined by the applicants education, experience, knowledge, skills and abilities, as well as internal equity and alignment with market data.</i></p><p class=""MsoNormal""><i><strong>Start date as soon as possible. Please send cover letter, resume and any other relevant materials to start date as soon as possible. Please send cover letter, resume and any other relevant materials to </strong></i><a href=""mailto:netlogo-devel-applicants@ccl.northwestern.edu""><i><strong>netlogo-devel-applicants@ccl.northwestern.edu</strong></i></a><i><strong> &nbsp;The review will begin immediately and continue until the position is filled. Formal application process and approval through the Northwestern job board is also required.</strong></i></p><p class=""MsoNormal""><i><span style=""font-family:&quot;Arial&quot;,sans-serif;font-size:9.0pt;""><strong>Benefits:</strong></span></i><br><i><span style=""font-family:&quot;Arial&quot;,sans-serif;font-size:9.0pt;""><strong>At Northwestern, we are proud to provide meaningful, competitive, high-quality health care plans, retirement benefits, tuition discounts and more! Visit us at </strong></span></i><a href=""https://www.northwestern.edu/hr/benefits/index.html""><i><span style=""font-family:&quot;Arial&quot;,sans-serif;font-size:9.0pt;""><strong>https://www.northwestern.edu/hr/benefits/index.html </strong></span></i></a><i><span style=""font-family:&quot;Arial&quot;,sans-serif;font-size:9.0pt;""><strong>to learn more.</strong></span></i><o:p></o:p></p><h4><span style=""color:windowtext;""><i><span style=""font-family:&quot;Arial&quot;,sans-serif;font-size:9.0pt;""><strong>Work-Life and Wellness:</strong></span></i></span><br><span style=""color:windowtext;""><i><span style=""font-family:&quot;Arial&quot;,sans-serif;font-size:9.0pt;"">Northwestern offers comprehensive programs and services to help you and your family navigate lifes challenges and opportunities and adopt and maintain healthy lifestyles.</span></i></span><br><span style=""color:windowtext;""><i><span style=""font-family:&quot;Arial&quot;,sans-serif;font-size:9.0pt;"">We support flexible work arrangements where possible and programs to help you locate and pay for quality, affordable childcare and senior/adult care. Visit us at&nbsp;</span></i></span><a href=""https://www.northwestern.edu/hr/benefits/work-life/index.html""><i><span style=""font-family:&quot;Arial&quot;,sans-serif;font-size:9.0pt;"">https://www.northwestern.edu/hr/benefits/work-life/index.html </span></i></a><span style=""color:windowtext;""><i><span style=""font-family:&quot;Arial&quot;,sans-serif;font-size:9.0pt;"">to learn more.</span></i></span><o:p></o:p></h4><h4><span style=""color:windowtext;""><i><span style=""font-family:&quot;Arial&quot;,sans-serif;font-size:9.0pt;""><strong>Professional Growth &amp; Development:</strong></span></i></span><br><span style=""color:windowtext;""><i><span style=""font-family:&quot;Arial&quot;,sans-serif;font-size:9.0pt;"">Northwestern supports employee career development in all circumstances whether your workspace is on campus or at home. If youre interested in developing your professional potential or continuing your formal education, we offer a variety of tools and resources. Visit us at&nbsp;</span></i></span><a href=""https://www.northwestern.edu/hr/learning/index.html""><i><span style=""font-family:&quot;Arial&quot;,sans-serif;font-size:9.0pt;"">https://www.northwestern.edu/hr/learning/index.html </span></i></a><i><span style=""font-family:&quot;Arial&quot;,sans-serif;font-size:9.0pt;"">to&nbsp;</span></i><span style=""color:windowtext;""><i><span style=""font-family:&quot;Arial&quot;,sans-serif;font-size:9.0pt;"">learn more.</span></i></span><o:p></o:p></h4><p><br><br>Northwestern strongly recommends COVID-19 vaccinations and boosters for people who can obtain them as a critical tool for minimizing severe illness. More information can be found on the <a href=""https://www.northwestern.edu/coronavirus-covid-19-updates/index.html"" target=""_blank"">COVID-19 and Campus Updates</a> webpage.</p><p><i>The Northwestern campus sits on the traditional homelands of the people of the Council of Three Fires, the Ojibwe, Potawatomi, and Odawa as well as the Menominee, Miami and Ho-Chunk nations. We acknowledge and honor the original people of the land upon which Northwestern University stands, and the Native people who remain on this land today.</i></p><p><i>Northwestern University is an Equal Opportunity, Affirmative Action Employer of all protected classes, including veterans and individuals with disabilities. Women, racial and ethnic minorities, individuals with disabilities, and veterans are encouraged to apply. Click for information on&nbsp;</i><a href="" https://www.dol.gov/sites/dolgov/files/ofccp/regs/compliance/posters/pdf/eeopost.pdf"" target=""_blank""><i>EEO is the Law.</i></a><br><i>&nbsp;&nbsp;</i></p><p>#LI-GY1<br>&nbsp;</p></span>
</div></div></div></div></div></div></div></div><div class=""ps_box-group psc_hidden"" id=""win0div$ICField41""><div class=""ps_box-button psc_primary psc_margin-05em"" id=""win0divHRS_SCH_WRK_HRS_APPLY_PB""><span id=""HRS_SCH_WRK_HRS_APPLY_PB$span"" class=""ps-button-wrapper"" title=""Apply""><a id=""HRS_SCH_WRK_HRS_APPLY_PB"" class=""ps-button"" role=""button"" ptlinktgt=""pt_peoplecode"" onclick=""javascript:cancelBubble(event);"" href=""javascript:submitAction_win0(document.win0,'HRS_SCH_WRK_HRS_APPLY_PB');"">Apply for Job</a></span></div></div><div class=""ps_box-group psc_layout psc_hidden"" id=""win0div$ICField17""></div><div class=""ps_box-group psc_layout"" id=""win0div$ICField$2$""><div class=""ps_box-group psc_layout psc_hidden"" id=""win0div$ICField3""><div class=""ps_box-htmlarea"" id=""win0divHRS_CB_WRK_HTMLAREA""><div class=""ps-htmlarea"">
<!-- Begin HTML Area Name Undisclosed -->

<!-- End HTML Area -->
</div>
</div></div></div></div></div></div>
</div>

</div>
<div class=""pst_panel-side2"" id=""PT_SIDE2""></div>

</div><div class=""ps_footer"" id=""PT_FOOTER""></div>
<div id=""DetachDiv"" height=""0"" width=""0"" frameborder=""0""></div>
</div>
<a class=""ps-anchor"" id=""ICLastAnchor_win0""></a>
</form>

<script language=""JavaScript"">
var bMDTargetStart=false;
var bMDTarget=false;
if (typeof(setPSTouchHandlerDoc) != 'undefined' && setPSTouchHandlerDoc != null) setPSTouchHandlerDoc ();
var nMaxSavedStates=5;
bSearchDialog_empty =false;
var sHistURL=""https://careers.northwestern.edu/psc/hr857prd_er/EMPLOYEE/HRMS/c/HRS_HRAM_FL.HRS_CG_SEARCH_FL.GBL?page=HRS_APP_JBPST_FL&Page=HRS_APP_JBPST_FL&Action=U&FOCUS=Applicant&SiteId=1&JobOpeningId=50289&PostingSeq=1&"";
var bCloseModal = false;
var bICList = false;
var bHtml5Doc = true;
var bClearBackState=false;
var bPageTransfered=true;
var bTransferAnimate=false;
var bCleanHtml = false;
var bDefer = true;
document.deferFldArr_win0 = new Array();
document.hiddenFldArr_win0 =new Array('ICType','ICElementNum','ICStateNum','ICAction','ICModelCancel','ICXPos','ICYPos','ResponsetoDiffFrame','TargetFrameName','FacetPath','ICFocus','ICSaveWarningFilter','ICChanged','ICSkipPending','ICAutoSave','ICResubmit','ICSID','ICActionPrompt','ICTypeAheadID','ICBcDomData','ICDNDSrc','ICPanelHelpUrl','ICPanelName','ICPanelControlStyle','ICFind','ICAddCount','ICAppClsData');
document.chgFldArr_win0 = new Array();
AddToHistory('Job Description', '', 'returntolastpage@1', 'HRS_APP_JBPST_FL', 2, 0, 0, 0,'',0, '', 1);
corsHistoryTansaction();
var bCleanHtml = true;
var bDefer = true;
document.hiddenFldArr_win0 =new Array('ICType','ICElementNum','ICStateNum','ICAction','ICModelCancel','ICXPos','ICYPos','ResponsetoDiffFrame','TargetFrameName','FacetPath','ICFocus','ICSaveWarningFilter','ICChanged','ICSkipPending','ICAutoSave','ICResubmit','ICSID','ICActionPrompt','ICTypeAheadID','ICBcDomData','ICDNDSrc','ICPanelHelpUrl','ICPanelName','ICPanelControlStyle','ICFind','ICAddCount','ICAppClsData');
document.chgFldArr_win0 = new Array();
var bCDATA = false;
var bAccessibleLayout = false;
var bLoadCompleted = true;
</script><div id=""divdobackclassic"" style=""display:none;"" aria-hidden=""true""><a id=""ancdobackclassic"" href=""javascript:DoBack('win0')"" style=""display:none;"" aria-hidden=""true""></a></div>
</body></html>"
